3000	SCC	LifeLabs	807 St. George Street	\N	Port Dover	N0A 1N0	2.16.840.1.113883.3.59.2	ACTIVE
3001	SCC	LifeLabs	33 Farley Drive	\N	Guelph	N1L 0B7	2.16.840.1.113883.3.59.2	ACTIVE
3004	SCC	Alpha Laboratories Incorporated	190 Wortley Rd.	Suite 201	London	N6C 4Y7	2.16.840.1.113883.3.59.2	ACTIVE
3005	SCC	Bio-Test Laboratory Incorporated	1081 Carling Avenue	Parkdale Medical Tower	Ottawa	K1Y 4G2	2.16.840.1.113883.3.59.2	ACTIVE
3006	SCC	Bio-Test Laboratory Incorporated	1929 Russell Road	\N	Ottawa	K1G 3P2	2.16.840.1.113883.3.59.2	ACTIVE
3008	SCC	Alpha Laboratories Incorporated	990 Gainsborough Road	Unit 3	London	N6H 5L4	2.16.840.1.113883.3.59.2	ACTIVE
3012	SCC	Alpha Laboratories Incorporated	155 Highway 20, West	\N	Niagara Falls	L0S 1E5	2.16.840.1.113883.3.59.2	ACTIVE
3015	SCC	LifeLabs	190 Cundles Road East	\N	Barrie	L4M 4S5	2.16.840.1.113883.3.59.2	ACTIVE
3016	SCC	LifeLabs	1 Quarry Ridge Road	\N	Barrie	L4M 7G1	2.16.840.1.113883.3.59.2	ACTIVE
3017	SCC	LifeLabs	60 Hatt Street	\N	Dundas	L9H 7T6	2.16.840.1.113883.3.59.2	ACTIVE
3018	SCC	Medical Laboratories of Windsor	503 Sandwich street south	Unit 5	Amherstburg	N9V 3G5	2.16.840.1.113883.3.59.2	ACTIVE
3019	SCC	Alpha Laboratories Incorporated	2291 Kipling Avenue	Suite 117	Etobicoke	M9W 4L6	2.16.840.1.113883.3.59.2	ACTIVE
3020	SCC	Gamma-Dynacare Medical Laboratories	550 Terminal Avenue	\N	Ottawa	K1G 0Z3	2.16.840.1.113883.3.59.2	ACTIVE
3023	SCC	Gamma-Dynacare Medical Laboratories	18 Amy Croft Drive	\N	Windsor	N8N 2L9	2.16.840.1.113883.3.59.2	ACTIVE
3025	SCC	LifeLabs	840 Coxwell Avenue	Suite 217	Toronto	M4C 3C4	2.16.840.1.113883.3.59.2	ACTIVE
3026	SCC	LifeLabs	40 Shellington Place	Suite 102	Brantford	N3S 0C5	2.16.840.1.113883.3.59.2	ACTIVE
3027	SCC	FlowLabs - London	215 Fanshawe Park Road West	Suite 104	London	N6G 5A9	2.16.840.1.113883.3.59.2	ACTIVE
3030	SCC	LifeLabs	30 King Street East	\N	Trenton	K8V 6B1	2.16.840.1.113883.3.59.2	ACTIVE
3031	SCC	LifeLabs	Owen Sound Medical Centre	850 Alpha Street	Owen Sound	N4K 5W8	2.16.840.1.113883.3.59.2	ACTIVE
3034	SCC	LifeLabs	200 Lorraine Avenue	\N	Kitchener	N2B 3R3	2.16.840.1.113883.3.59.2	ACTIVE
3035	SCC	LifeLabs	3101 Bloor Street West	Suite 406	Etobicoke	M8X 2W2	2.16.840.1.113883.3.59.2	ACTIVE
3036	SCC	FlowLabs - Maple	191 McNaughton Road East	Suite 402	Maple	L6A 4E2	2.16.840.1.113883.3.59.2	ACTIVE
3037	SCC	LifeLabs	1060 Speers Road West	Suite 120	Oakville	L6L 2X4	2.16.840.1.113883.3.59.2	ACTIVE
3038	SCC	LifeLabs	316 King Street East	\N	Cobourg	K9A 1L8	2.16.840.1.113883.3.59.2	ACTIVE
3040	SCC	Alpha Laboratories Incorporated	119 Memorial Avenue	Suite 206B	Orillia	L3V 5X1	2.16.840.1.113883.3.59.2	ACTIVE
3041	SCC	LifeLabs	78-80 Dufferin Street	\N	Perth	K7H 3A7	2.16.840.1.113883.3.59.2	ACTIVE
3042	SCC	LifeLabs	230 First Avenue	Suite 106	St. Thomas	N5R 4P5	2.16.840.1.113883.3.59.2	ACTIVE
3043	SCC	LifeLabs	300 King Street West	Suite 103	Oshawa	L1J 2K1	2.16.840.1.113883.3.59.2	ACTIVE
3044	SCC	LifeLabs	4256 Portage Road	\N	Niagara Falls	L2E 6A4	2.16.840.1.113883.3.59.2	ACTIVE
3045	SCC	LifeLabs	1011 Dufferin Street, 2nd Floor	Ste. 205	Toronto	M6H 4B5	2.16.840.1.113883.3.59.2	ACTIVE
3047	SCC	LifeLabs	791 Princess Street	\N	Kingston	K7L 1E9	2.16.840.1.113883.3.59.2	ACTIVE
3060	SCC	LifeLabs	2318 Lakeshore Blvd. West	Suite 306	Etobicoke	M8V 1A8	2.16.840.1.113883.3.59.2	ACTIVE
3067	SCC	Alpha Laboratories Incorporated	28 Huron Street	Suite 102	Collingwood	L9Y 1C4	2.16.840.1.113883.3.59.2	ACTIVE
3069	SCC	LifeLabs	186 Erie Street	\N	Collingwood	L9Y 1P6	2.16.840.1.113883.3.59.2	ACTIVE
3070	SCC	LifeLabs	1225 Wonderland Road	\N	London	N6G 2V9	2.16.840.1.113883.3.59.2	ACTIVE
3071	SCC	LifeLabs	245 Union Street East	\N	Fergus	N1M 1W2	2.16.840.1.113883.3.59.2	ACTIVE
3072	SCC	LifeLabs	Stayner Community Medical Centre	King Street North	Stayner	L0M 1S0	2.16.840.1.113883.3.59.2	ACTIVE
3074	SCC	Alpha Laboratories Incorporated	255 Dundas Street East	Unit 25	Waterdown	L0R 2H6	2.16.840.1.113883.3.59.2	ACTIVE
3075	SCC	LifeLabs	130 Cedar Street West	\N	Cambridge	N1S 2N4	2.16.840.1.113883.3.59.2	ACTIVE
3096	SCC	LifeLabs	1615 Dundas Street East	\N	Whitby	L1N 2L6	2.16.840.1.113883.3.59.2	ACTIVE
3099	SCC	LifeLabs	1122 Lasalle Blvd.	\N	Sudbury	P3A 1Y4	2.16.840.1.113883.3.59.2	ACTIVE
3100	SCC	LifeLabs	Azilda Shopping Plaza	Notre Dame Avenue	Azilda	P0M 1B0	2.16.840.1.113883.3.59.2	ACTIVE
3101	SCC	LifeLabs	389 Main Street East	\N	Picton	K0K 2T0	2.16.840.1.113883.3.59.2	ACTIVE
3126	SCC	Alpha Laboratories Incorporated	2025 Midland Avenue	Suite 402	Toronto	M1P 3E2	2.16.840.1.113883.3.59.2	ACTIVE
3127	SCC	Alpha Laboratories Incorporated	2130 Lawrence Ave. East	Suite 300	Scarborough	M1R 3A6	2.16.840.1.113883.3.59.2	ACTIVE
3128	SCC	Alpha Laboratories Incorporated	151 Wellesley Street East	\N	Toronto	M4Y 1J4	2.16.840.1.113883.3.59.2	ACTIVE
3129	SCC	Alpha Laboratories Incorporated	45 Overlea Boulevard	\N	East York	M4H 1C3	2.16.840.1.113883.3.59.2	ACTIVE
3139	SCC	LifeLabs	30 Thirteenth Street	\N	Cornwall	K6H 6V9	2.16.840.1.113883.3.59.2	ACTIVE
3140	SCC	LifeLabs	564 Belmont Avenue West	\N	Kitchener	N2M 5N6	2.16.840.1.113883.3.59.2	ACTIVE
3149	SCC	LifeLabs	525 Belmont Avenue West	Suite 107	Kitchener	N2M 5E2	2.16.840.1.113883.3.59.2	ACTIVE
3150	SCC	LifeLabs	145 Queenston Street	\N	St. Catharines	L2R 2Z9	2.16.840.1.113883.3.59.2	ACTIVE
3151	SCC	LifeLabs	672 Brant Street	\N	Burlington	L7R 2H3	2.16.840.1.113883.3.59.2	ACTIVE
3152	SCC	LifeLabs	200/206 James Street South	Suite 103	Hamilton	L8P 3A9	2.16.840.1.113883.3.59.2	ACTIVE
3153	SCC	Dynacare	466 Goderich Street	\N	Port Elgin	N0H 2C4	2.16.840.1.113883.3.59.2	ACTIVE
3154	SCC	LifeLabs	1 Belton Boulevard	\N	St. Catharines	L2T 3Y4	2.16.840.1.113883.3.59.2	ACTIVE
3155	SCC	LifeLabs	589 Lake Street	\N	St. Catharines	L2N 7L6	2.16.840.1.113883.3.59.2	ACTIVE
3157	SCC	LifeLabs	281 Stone Road	\N	Guelph	N1G 5J5	2.16.840.1.113883.3.59.2	ACTIVE
3158	SCC	LifeLabs	Pine Street Shopping Plaza	\N	Thorold	L2V 3Z9	2.16.840.1.113883.3.59.2	ACTIVE
3161	SCC	Dynacare	2 Dundas Street West	\N	Belleville	K8P 1A1	2.16.840.1.113883.3.59.2	ACTIVE
3163	SCC	LifeLabs	4430 Bathurst Street, #211	\N	North York	M3H 3S3	2.16.840.1.113883.3.59.2	ACTIVE
3174	SCC	LifeLabs	1615 Dufferin Street	Basement	Toronto	M6H 4H4	2.16.840.1.113883.3.59.2	ACTIVE
3175	SCC	Dynacare	738 Notre Dame Street,	Embrun, Ontario K0A 1W1	Ottawa	K0A 1W1	2.16.840.1.113883.3.59.2	ACTIVE
3188	SCC	Dynacare	649 Scottsdale Drive	\N	Guelph	N1G 4T7	2.16.840.1.113883.3.59.2	ACTIVE
3190	SCC	Dynacare	7155 Woodbine Avenue	\N	Markham	L3R 1A3	2.16.840.1.113883.3.59.2	ACTIVE
3191	SCC	LifeLabs	6506 Tecumseh Road East	\N	Windsor	N8T 1E6	2.16.840.1.113883.3.59.2	ACTIVE
3194	SCC	Medical Laboratories of Windsor Limited	5841 Malden Road	Suite 112	LaSalle	N9H 1S0	2.16.840.1.113883.3.59.2	ACTIVE
3203	SCC	LifeLabs	4190 Finch Avenue East	Suite LL01	Scarborough	M1S 4T7	2.16.840.1.113883.3.59.2	ACTIVE
3207	SCC	Dynacare	39 Cameron Street West, Cannington, ON	\N	Durham	L0E 1E0	2.16.840.1.113883.3.59.2	ACTIVE
3212	SCC	LifeLabs	210 Memorial Avenue	Suite 107	Orillia	L3V 7V1	2.16.840.1.113883.3.59.2	ACTIVE
3213	SCC	LifeLabs	1450 Headon Road	\N	Burlington	L7M 3Z5	2.16.840.1.113883.3.59.2	ACTIVE
3215	SCC	FlowLabs - Whitby	198 Des Newman Boulevard	Unit 0458	Whitby	L1P 0P9	2.16.840.1.113883.3.59.2	ACTIVE
3218	SCC	Alpha Laboratories Incorporated	100 King Street West	Unit CN0108	Toronto	M5X 1A4	2.16.840.1.113883.3.59.2	ACTIVE
3222	SCC	Alpha Laboratories Incorporated	3420 Finch Avenue East	Suite 204	Scarborough	M1W 2R6	2.16.840.1.113883.3.59.2	ACTIVE
3224	SCC	Dynacare	130 King Street West	Suite CWW1	Toronto	M5X 2A2	2.16.840.1.113883.3.59.2	ACTIVE
3226	SCC	LifeLabs	18 Pine Street	Suite 103	Kitchener	N1H 5Z8	2.16.840.1.113883.3.59.2	ACTIVE
3227	SCC	Dynacare	12357 Hwy 41	\N	Northbrook	K0H 2G0	2.16.840.1.113883.3.59.2	ACTIVE
3229	SCC	Bio-Test Laboratory Incorporated	139 Greenbank Road	\N	Nepean	K2H 8R1	2.16.840.1.113883.3.59.2	ACTIVE
3234	SCC	LifeLabs	372 Hollandview Trail	\N	Aurora	L4G 0A5	2.16.840.1.113883.3.59.2	ACTIVE
3248	SCC	Dynacare	40 Elm Street	\N	Sudbury	P3C 1S8	2.16.840.1.113883.3.59.2	ACTIVE
3249	SCC	Dynacare	208 Hill Street	\N	Corunna	N0N 1G0	2.16.840.1.113883.3.59.2	ACTIVE
3250	SCC	Hospitals In-Common Laboratory Inc.	145 Queen Street East	\N	Brampton	L6W 3P8	2.16.840.1.113883.3.59.2	ACTIVE
3254	SCC	Hospitals In-Common Laboratory Inc.	33 King Street West	\N	Bolton	L0P 1A0	2.16.840.1.113883.3.59.2	ACTIVE
3256	SCC	Hospitals In-Common Laboratory Inc.	9780 Bramalea Road	5th Floor	Brampton	L6T 3S1	2.16.840.1.113883.3.59.2	ACTIVE
3257	SCC	Hospitals In-Common Laboratory Inc.	89 Humber College Boulevard	Suite 125	Etobicoke	M9V 4B8	2.16.840.1.113883.3.59.2	ACTIVE
3262	SCC	LifeLabs	22 Richmond Street	\N	Richmond Hill	L4C 3Y1	2.16.840.1.113883.3.59.2	ACTIVE
3263	SCC	LifeLabs	15017 Yonge Street South	\N	Aurora	L4G 1M5	2.16.840.1.113883.3.59.2	ACTIVE
3264	SCC	LifeLabs	86 Angeline Street South	\N	Lindsay	K9V 6C5	2.16.840.1.113883.3.59.2	ACTIVE
3265	SCC	LifeLabs	2917 Bloor Street West	Suite 20	Etobicoke	M8X 1B4	2.16.840.1.113883.3.59.2	ACTIVE
3270	SCC	Dynacare	100 East Street South	Bobcaygeon, City of Kawartha Lak	Kawartha Lakes	K0M 1A0	2.16.840.1.113883.3.59.2	ACTIVE
3271	SCC	Waterloo Regional Health Network at Chicopee	3570 King St E	\N	Kitchener	N2A 2W1	2.16.840.1.113883.3.59.2	ACTIVE
3275	SCC	LifeLabs	8787 Woodbine Avenue	\N	Markham	L3R 9S2	2.16.840.1.113883.3.59.2	ACTIVE
3277	SCC	LifeLabs	255 Bagot Street	\N	Kingston	K7L 3G4	2.16.840.1.113883.3.59.2	ACTIVE
3286	SCC	LifeLabs	800 Bathurst Street	Suite 306	Toronto	M5R 3M8	2.16.840.1.113883.3.59.2	ACTIVE
3296	SCC	Hospitals In-Common Laboratory Inc.	15 Elizabeth Street	Suite L10	Orangeville	L9W 3X3	2.16.840.1.113883.3.59.2	ACTIVE
3297	SCC	Intercounty Laboratories Limited	119 Pine Street South	\N	Timmins	P4N 2K3	2.16.840.1.113883.3.59.2	ACTIVE
3300	SCC	LifeLabs	180 Parsons Road	Unit 39	Alliston	L0M 1A0	2.16.840.1.113883.3.59.2	ACTIVE
3306	SCC	Hospitals In-Common Laboratory Inc.	1A Princess Anne Drive	\N	Georgetown	L7G 4W4	2.16.840.1.113883.3.59.2	ACTIVE
3307	SCC	St. Michael's Hospital - St. Lawrence Health Centre	140 The Esplanade	Unit #3	Toronto	M5A 4P5	2.16.840.1.113883.3.59.2	ACTIVE
3311	SCC	LifeLabs	145 Queen Street	\N	Brampton	L6W 3P8	2.16.840.1.113883.3.59.2	ACTIVE
3314	SCC	LifeLabs	4471 Notre Dame Street	\N	Hanmer	P3P 1S9	2.16.840.1.113883.3.59.2	ACTIVE
3318	SCC	LifeLabs	2 Dewside Drive	\N	Brampton	L6R 0X5	2.16.840.1.113883.3.59.2	ACTIVE
3320	SCC	Hospitals In-Common Laboratory Inc.	60 Grosvenor Street	\N	Toronto	M5S 1B6	2.16.840.1.113883.3.59.2	ACTIVE
3323	SCC	St. Michael's Hospital Health Centre at 410	410 Sherbourne Street, 1st Floor	\N	Toronto	M4X 1K2	2.16.840.1.113883.3.59.2	ACTIVE
3325	SCC	LifeLabs	1436 Royal York Road	\N	Etobicoke	M9P 3A9	2.16.840.1.113883.3.59.2	ACTIVE
3327	SCC	LifeLabs	14 College Street	\N	Toronto	M5G 1K2	2.16.840.1.113883.3.59.2	ACTIVE
3328	SCC	LifeLabs	6 McPherson Street	\N	Minden	K0M 2K0	2.16.840.1.113883.3.59.2	ACTIVE
3329	SCC	LifeLabs	167 Hespeler Road	\N	Cambridge	N1R 3H7	2.16.840.1.113883.3.59.2	ACTIVE
3332	SCC	LifeLabs	99 Northfield Drive East	\N	Waterloo	N2K 3P9	2.16.840.1.113883.3.59.2	ACTIVE
3333	SCC	LifeLabs	140 Oxford Street East	\N	London	N6A 1T3	2.16.840.1.113883.3.59.2	ACTIVE
3334	SCC	LifeLabs	581 Davis Drive	\N	Newmarket	L3Y 2P6	2.16.840.1.113883.3.59.2	ACTIVE
3335	SCC	LifeLabs	339 Wellington Road South	\N	London	N6C 5C3	2.16.840.1.113883.3.59.2	ACTIVE
3336	SCC	LifeLabs	2221 Keele Street	\N	North York	M6M 3Z5	2.16.840.1.113883.3.59.2	ACTIVE
3343	SCC	LifeLabs	679 Davis Drive	Suite # 123	Newmarket	L3Y 5G8	2.16.840.1.113883.3.59.2	ACTIVE
3344	SCC	LifeLabs	2009 Long Lake Road	\N	Sudbury	P3E 6C3	2.16.840.1.113883.3.59.2	ACTIVE
3345	SCC	LifeLabs	1007 Fennell Avenue East	\N	Hamilton	L8T 1R1	2.16.840.1.113883.3.59.2	ACTIVE
3346	SCC	LifeLabs	245 Pelham Road	\N	St. Catharines	L2S 1X8	2.16.840.1.113883.3.59.2	ACTIVE
3349	SCC	LifeLabs	222A Catherine Street	\N	Port Colborne	L3K 4K8	2.16.840.1.113883.3.59.2	ACTIVE
3361	SCC	Eglinton Diagnostic Laboratories Limited	235 Danforth Avenue	\N	Toronto	M4K 1N2	2.16.840.1.113883.3.59.2	ACTIVE
3365	SCC	LifeLabs	95 Spring Street	\N	Almonte	K0A 1A0	2.16.840.1.113883.3.59.2	ACTIVE
3378	SCC	LifeLabs	238 Grand River Road North	\N	Paris	N3L 2N7	2.16.840.1.113883.3.59.2	ACTIVE
3387	SCC	LifeLabs	190 Sherway Drive	Suite 108	Etobicoke	M9C 5N2	2.16.840.1.113883.3.59.2	ACTIVE
3388	SCC	LifeLabs	250 Lawrence Avenue West	\N	Toronto	M5M 1B2	2.16.840.1.113883.3.59.2	ACTIVE
3403	SCC	Med-Health Laboratories Limited	4640 Jane Street	\N	North York	M3N 2K5	2.16.840.1.113883.3.59.2	ACTIVE
3404	SCC	Hospitals In-Common Laboratory Inc.	8 Taylor Road	\N	Bracebridge	P1L 1S6	2.16.840.1.113883.3.59.2	ACTIVE
3407	SCC	LifeLabs	99 Wayne Gretzky Parkway	\N	Brantford	N3S 7P1	2.16.840.1.113883.3.59.2	ACTIVE
3408	SCC	LifeLabs	700 Markham Rd.	\N	Scarborough	M1H 2A7	2.16.840.1.113883.3.59.2	ACTIVE
3420	SCC	Hospitals In-Common Laboratory Inc.	160 Wellesley Street East	Jones Bldg., #226	Toronto	M4Y 1J3	2.16.840.1.113883.3.59.2	ACTIVE
3421	SCC	LifeLabs	210 Dundas Street East	\N	Belleville	K8N 5G8	2.16.840.1.113883.3.59.2	ACTIVE
3422	SCC	Intercounty Laboratories Limited	Medical/Dental Services Building, Building 0-142	El Alamein Street	Borden	L0M 1C0	2.16.840.1.113883.3.59.2	ACTIVE
3423	SCC	LifeLabs	280 Queenston Road	\N	Hamilton	L8K 1H1	2.16.840.1.113883.3.59.2	ACTIVE
3424	SCC	LifeLabs	155 Main Street East	\N	Grimsby	L3M 1P2	2.16.840.1.113883.3.59.2	ACTIVE
3425	SCC	LifeLabs	959 Dundas Street	\N	Woodstock	N4S 1H2	2.16.840.1.113883.3.59.2	ACTIVE
3426	SCC	LifeLabs	424 Talbot Street West	\N	Aylmer	N5H 1K9	2.16.840.1.113883.3.59.2	ACTIVE
3428	SCC	LifeLabs	75 Parkview Road	\N	Hagersville	N0A 1H0	2.16.840.1.113883.3.59.2	ACTIVE
3429	SCC	Hospitals In-Common Laboratory Inc.	16 James Street	\N	Parry Sound	P2A 1T2	2.16.840.1.113883.3.59.2	ACTIVE
3430	SCC	Hospitals In-Common Laboratory Inc.	Huntsville Professional Building	348 Muskoka Road N., #3	Huntsville	P0A 1K0	2.16.840.1.113883.3.59.2	ACTIVE
3435	SCC	LifeLabs	1919 Riverside Drive	\N	Ottawa	K1H 1A2	2.16.840.1.113883.3.59.2	ACTIVE
3436	SCC	LifeLabs	267 O'Connor Street	\N	Ottawa	K2P 1V3	2.16.840.1.113883.3.59.2	ACTIVE
3438	SCC	LifeLabs	59 Main Street East	\N	Kingsville	N9Y 1A1	2.16.840.1.113883.3.59.2	ACTIVE
3440	SCC	LifeLabs	36 Vodden Street East	Suite102	Brampton	L6V 4H4	2.16.840.1.113883.3.59.2	ACTIVE
3441	SCC	Hospitals In-Common Laboratory Inc.	157 Alfred Street	\N	Pembroke	K8A 2Z9	2.16.840.1.113883.3.59.2	ACTIVE
3442	SCC	Copper Cliff Clinic	38 Godfrey Drive	\N	Copper Cliff	P0M 1N0	2.16.840.1.113883.3.59.2	ACTIVE
3443	SCC	NorWest Community Health Centres - Longlac Site	99 Skinner Avenue	\N	Longlac	P0T 2A0	2.16.840.1.113883.3.59.2	ACTIVE
3446	SCC	LifeLabs	72 Prince Avenue West	\N	Renfrew	K7V 4G1	2.16.840.1.113883.3.59.2	ACTIVE
3448	SCC	Hospitals In-Common Laboratory Inc.	307A Bridge Street West	\N	Napanee	K7R 2G3	2.16.840.1.113883.3.59.2	ACTIVE
3449	SCC	The McCausland Hospital	J.E. Stokes Medical/Dental Centre	503 Scotia Street	Schreiber	P0T 2S0	2.16.840.1.113883.3.59.2	ACTIVE
3450	SCC	LifeLabs	105 Main Street	\N	Delhi	N4B 2L8	2.16.840.1.113883.3.59.2	ACTIVE
3453	SCC	LifeLabs	65 Donly Drive North	\N	Simcoe	N3Y 0C2	2.16.840.1.113883.3.59.2	ACTIVE
3454	SCC	LifeLabs	460 Springbank Drive	\N	London	N6J 0A8	2.16.840.1.113883.3.59.2	ACTIVE
3455	SCC	LifeLabs	154 Civic Centre Road	Suite 159	Petawawa	K8H 2E6	2.16.840.1.113883.3.59.2	ACTIVE
3456	SCC	LifeLabs	340 College Street	Suite 401	Toronto	M5T 3A9	2.16.840.1.113883.3.59.2	ACTIVE
3458	SCC	LifeLabs	37 Voyager Court North	\N	Etobicoke	M9W 4Y2	2.16.840.1.113883.3.59.2	ACTIVE
3459	SCC	LifeLabs	600 Sherbourne Street	Suite 206	Toronto	M4K 1W1	2.16.840.1.113883.3.59.2	ACTIVE
3466	SCC	Hospitals In-Common Laboratory Inc.	40 Broadway Avenue	\N	Orangeville	L9W 1J7	2.16.840.1.113883.3.59.2	ACTIVE
3515	SCC	LifeLabs	222 King Street East	\N	Bowmanville	L1C 1P6	2.16.840.1.113883.3.59.2	ACTIVE
3516	SCC	LifeLabs	5-660 Garrison Road	\N	Fort Erie	L2A 6E2	2.16.840.1.113883.3.59.2	ACTIVE
3517	SCC	LifeLabs	279 Wharncliffe Road North	\N	London	N6H 2C2	2.16.840.1.113883.3.59.2	ACTIVE
3518	SCC	LifeLabs	310 Bridge Street West	\N	Napanee	K7R 0A4	2.16.840.1.113883.3.59.2	ACTIVE
3519	SCC	LifeLabs	470 Bronte Street South	\N	Milton	L9T 2J4	2.16.840.1.113883.3.59.2	ACTIVE
3520	SCC	LifeLabs	250 Harding Blvd. West	Suite B03	Richmond Hill	L4C 9M7	2.16.840.1.113883.3.59.2	ACTIVE
3521	SCC	LifeLabs	174 Harwood Avenue South	\N	Ajax	L1S 2H6	2.16.840.1.113883.3.59.2	ACTIVE
3522	SCC	LifeLabs	450 Central Avenue	\N	London	N6B 2E8	2.16.840.1.113883.3.59.2	ACTIVE
3524	SCC	LifeLabs	1955 King Street	\N	Hamilton	L8K 1W2	2.16.840.1.113883.3.59.2	ACTIVE
3525	SCC	Hospitals In-Common Laboratory Inc.	250 Third Avenue	\N	Timmins	P4N 1E3	2.16.840.1.113883.3.59.2	ACTIVE
3526	SCC	LifeLabs	208 Bloor Street West	\N	Toronto	M5S 3B4	2.16.840.1.113883.3.59.2	ACTIVE
3527	SCC	LifeLabs	2300 Eglinton Avenue West	Suite G04	Mississauga	L5M 2V8	2.16.840.1.113883.3.59.2	ACTIVE
3528	SCC	LifeLabs	1448 Lawrence Avenue East	Suite 208	North York	M4A 2V6	2.16.840.1.113883.3.59.2	ACTIVE
3529	SCC	LifeLabs	2462 Howard Avenue	\N	Windsor	N8X 3V6	2.16.840.1.113883.3.59.2	ACTIVE
3530	SCC	LifeLabs	245 King Street West	\N	Oshawa	L1J 2J7	2.16.840.1.113883.3.59.2	ACTIVE
3531	SCC	LifeLabs	5293 Highway #7	\N	Markham	L3P 1B8	2.16.840.1.113883.3.59.2	ACTIVE
3533	SCC	LifeLabs	55 Queen Street East	#506	Toronto	M5C 1R6	2.16.840.1.113883.3.59.2	ACTIVE
3534	SCC	LifeLabs	701 Sheppard Avenue	\N	North York	M2K 1C2	2.16.840.1.113883.3.59.2	ACTIVE
3535	SCC	LifeLabs	8077 Islington Avenue	Suite 108	Woodbridge	L4L 7X7	2.16.840.1.113883.3.59.2	ACTIVE
3536	SCC	LifeLabs	101 Queensway West	\N	Mississauga	L5B 2P7	2.16.840.1.113883.3.59.2	ACTIVE
3537	SCC	LifeLabs	6855 Meadowvale Towne Centre Circle	Suite 108	Mississauga	L5N 2Y1	2.16.840.1.113883.3.59.2	ACTIVE
3538	SCC	LifeLabs	University Community Centre, Room 34A, University of Western Ontario	\N	London	N6A 3K7	2.16.840.1.113883.3.59.2	ACTIVE
3539	SCC	LifeLabs	4949 Bathurst Street	Suite 217	North York	M2R 1Y1	2.16.840.1.113883.3.59.2	ACTIVE
3540	SCC	LifeLabs	2160 Weston Road	Lower Level	York	M9N 1X6	2.16.840.1.113883.3.59.2	ACTIVE
3542	SCC	LifeLabs	10 Waterloo Street	\N	New Hamburg	N3A 1V5	2.16.840.1.113883.3.59.2	ACTIVE
3543	SCC	LifeLabs	34 Whitewood Avenue	\N	New Liskeard	P0J 1P0	2.16.840.1.113883.3.59.2	ACTIVE
3544	SCC	LifeLabs	117 South McKellar Street	\N	Thunder Bay	P7E 1H5	2.16.840.1.113883.3.59.2	ACTIVE
3545	SCC	LifeLabs	63 North Algoma Street	\N	Thunder Bay	P7A 4Z6	2.16.840.1.113883.3.59.2	ACTIVE
3547	SCC	LifeLabs	955 Queen Street East	Suite 65	Sault Ste. Marie	P6A 2C3	2.16.840.1.113883.3.59.2	ACTIVE
3548	SCC	LifeLabs	7700 Bathurst Street	\N	Thornhill	L4J 7V3	2.16.840.1.113883.3.59.2	ACTIVE
3549	SCC	LifeLabs	3155 Harvester Road	\N	Burlington	L7N 3V2	2.16.840.1.113883.3.59.2	ACTIVE
3550	SCC	LifeLabs	350 Conestoga Boulevard	\N	Cambridge	N1R 7L7	2.16.840.1.113883.3.59.2	ACTIVE
3551	SCC	LifeLabs	1333 Sheppard Avenue East	Suite 149	North York	M2J 1V1	2.16.840.1.113883.3.59.2	ACTIVE
3552	SCC	LifeLabs	750 Dundas Street West	Ground Floor	Toronto	M6T 1T8	2.16.840.1.113883.3.59.2	ACTIVE
3553	SCC	LifeLabs	2425 Bloor St. West	\N	Toronto	M6S 4W4	2.16.840.1.113883.3.59.2	ACTIVE
3554	SCC	LifeLabs	945 Third Avenue East	Suites 15 And 23	Owen Sound	N4K 2K8	2.16.840.1.113883.3.59.2	ACTIVE
3555	SCC	LifeLabs	350 Hespeler Road	\N	Cambridge	N1R 7N7	2.16.840.1.113883.3.59.2	ACTIVE
3579	SCC	Hospitals In-Common Laboratory Inc.	550 Louise Street	\N	Winchester	K0C 2K0	2.16.840.1.113883.3.59.2	ACTIVE
3581	SCC	Hospitals In-Common Laboratory Inc.	245 Union Street East	\N	Fergus	N1M 1W2	2.16.840.1.113883.3.59.2	ACTIVE
3582	SCC	Hospitals In-Common Laboratory Inc.	39 Drummond Street West	\N	Perth	K7H 2J9	2.16.840.1.113883.3.59.2	ACTIVE
3583	SCC	LifeLabs	480 Huronia Road	\N	Barrie	L4N 6M2	2.16.840.1.113883.3.59.2	ACTIVE
3584	SCC	LifeLabs	4800 Leslie Street	\N	North York	M2J 2K9	2.16.840.1.113883.3.59.2	ACTIVE
3591	SCC	LifeLabs	377 Church Street	Suite G05	Markham	L6B 1A1	2.16.840.1.113883.3.59.2	ACTIVE
3594	SCC	LifeLabs	1221 Algonquin Avenue	\N	North Bay	P1B 4Y3	2.16.840.1.113883.3.59.2	ACTIVE
3606	SCC	LifeLabs	1200 Markham Road	\N	Scarborough	M1H 3C6	2.16.840.1.113883.3.59.2	ACTIVE
3607	SCC	LifeLabs	477 King Street	\N	Welland	L3B 3K4	2.16.840.1.113883.3.59.2	ACTIVE
3611	SCC	LifeLabs	1A Princess Anne Drive	\N	Georgetown	L7G 4W4	2.16.840.1.113883.3.59.2	ACTIVE
3612	SCC	LifeLabs	14 Ramblewood Drive	\N	Wasaga Beach	L9Z 0C4	2.16.840.1.113883.3.59.2	ACTIVE
3613	SCC	LifeLabs	65 University Avenue East	Suite 3	Waterloo	N2J 2V9	2.16.840.1.113883.3.59.2	ACTIVE
3614	SCC	LifeLabs	323 Wilson Street East	\N	Ancaster	L9G 2C1	2.16.840.1.113883.3.59.2	ACTIVE
3615	SCC	LifeLabs	586 Eglinton Avenue East	\N	Toronto	M4P 1P2	2.16.840.1.113883.3.59.2	ACTIVE
3619	SCC	LifeLabs	176 Wellington Street	\N	Niagara-On-The-Lake	L0S 1J0	2.16.840.1.113883.3.59.2	ACTIVE
3622	SCC	Gamma-Dynacare Medical Laboratories	95 Bayley Street West	\N	Ajax	L1S 7K8	2.16.840.1.113883.3.59.2	ACTIVE
3623	SCC	Gamma-Dynacare Medical Laboratories	7330 Goreway Drive	\N	Mississauga	L4T 4J2	2.16.840.1.113883.3.59.2	ACTIVE
3624	SCC	Gamma-Dynacare Medical Laboratories	4256 Bathurst Street	Suite 101	North York	M3H 5Y8	2.16.840.1.113883.3.59.2	ACTIVE
3625	SCC	Gamma-Dynacare Medical Laboratories	190 Wellington Street	\N	Kingston	K7L 3E4	2.16.840.1.113883.3.59.2	ACTIVE
3626	SCC	Gamma-Dynacare Medical Laboratories	240 Wharncliffe Road North	\N	London	N6H 4P2	2.16.840.1.113883.3.59.2	ACTIVE
3627	SCC	Gamma-Dynacare Medical Laboratories	2251 Lawrence Avenue East	\N	Scarborough	M1P 2P5	2.16.840.1.113883.3.59.2	ACTIVE
3628	SCC	Gamma-Dynacare Medical Laboratories	1525 Albion Road, Suite 210	\N	Etobicoke	M9V 5G5	2.16.840.1.113883.3.59.2	ACTIVE
3629	SCC	Gamma-Dynacare Medical Laboratories	1735 Kipling Avenue	Suite 215	Etobicoke	M9R 2Y8	2.16.840.1.113883.3.59.2	ACTIVE
3630	SCC	Gamma-Dynacare Medical Laboratories	311 McArthur Avenue	\N	Vanier	K1L 6P1	2.16.840.1.113883.3.59.2	ACTIVE
3631	SCC	Gamma-Dynacare Medical Laboratories	117 King Street East	\N	Oshawa	L1H 1B9	2.16.840.1.113883.3.59.2	ACTIVE
3632	SCC	Gamma-Dynacare Medical Laboratories	21 Queensway Avenue West	Suite 112	Mississauga	L5B 1B6	2.16.840.1.113883.3.59.2	ACTIVE
3633	SCC	Gamma-Dynacare Medical Laboratories	294 Main Street	Suite 103	Toronto	M4C 4X5	2.16.840.1.113883.3.59.2	ACTIVE
3634	SCC	Gamma-Dynacare Medical Laboratories	474 College Street, Suite B1	\N	Toronto	M6G 1A2	2.16.840.1.113883.3.59.2	ACTIVE
3635	SCC	Gamma-Dynacare Medical Laboratories	27 Roncesvalles Avenue	Suite 103	Toronto	M6R 2K2	2.16.840.1.113883.3.59.2	ACTIVE
3636	SCC	Gamma-Dynacare Medical Laboratories	7117 Bathurst Street	\N	Vaughan	L4J 2J6	2.16.840.1.113883.3.59.2	ACTIVE
3637	SCC	Gamma-Dynacare Medical Laboratories	3292 Bayview Avenue	Suite 203	North York	M2K 1G4	2.16.840.1.113883.3.59.2	ACTIVE
3638	SCC	Gamma-Dynacare Medical Laboratories	1849 Yonge Street	\N	Toronto	M4S 1Y2	2.16.840.1.113883.3.59.2	ACTIVE
3639	SCC	Gamma-Dynacare Medical Laboratories	690 Hale Street	\N	London	N5W 1H4	2.16.840.1.113883.3.59.2	ACTIVE
3640	SCC	Gamma-Dynacare Medical Laboratories	1105 Carling Avenue	\N	Ottawa	K1Y 4G5	2.16.840.1.113883.3.59.2	ACTIVE
3641	SCC	Gamma-Dynacare Medical Laboratories	726 Bloor St. West	\N	Toronto	M6G 1L4	2.16.840.1.113883.3.59.2	ACTIVE
3642	SCC	Gamma-Dynacare Medical Laboratories	1450 King Street East	\N	Courtice	L1E 3C3	2.16.840.1.113883.3.59.2	ACTIVE
3643	SCC	Gamma-Dynacare Medical Laboratories	790 Bay Street	\N	Toronto	M5G 1N8	2.16.840.1.113883.3.59.2	ACTIVE
3644	SCC	Gamma-Dynacare Medical Laboratories	440 Boler Road	\N	London	N6L 4L2	2.16.840.1.113883.3.59.2	ACTIVE
3645	SCC	Gamma-Dynacare Medical Laboratories	1570 Highbury Avenue North	\N	London	N5Y 5N7	2.16.840.1.113883.3.59.2	ACTIVE
3646	SCC	Gamma-Dynacare Medical Laboratories	595 Bradley Avenue	\N	London	N6H 1Z8	2.16.840.1.113883.3.59.2	ACTIVE
3647	SCC	Gamma-Dynacare Medical Laboratories	100 Humber College Boulevard	Suite 105	Etobicoke	M9V 5G4	2.16.840.1.113883.3.59.2	ACTIVE
3648	SCC	Gamma-Dynacare Medical Laboratories	150 Montreal Road	\N	Vanier	K1L 8H2	2.16.840.1.113883.3.59.2	ACTIVE
3649	SCC	Gamma-Dynacare Medical Laboratories	111 Main Street West	\N	North Bay	P1B 8G5	2.16.840.1.113883.3.59.2	ACTIVE
3650	SCC	Gamma-Dynacare Medical Laboratories	2741 Chamberland Street	\N	Rockland	K4K 0B8	2.16.840.1.113883.3.59.2	ACTIVE
3651	SCC	Gamma-Dynacare Medical Laboratories	2446 Bank Street	Suite 205	Ottawa	K1V 1H4	2.16.840.1.113883.3.59.2	ACTIVE
3652	SCC	Gamma-Dynacare Medical Laboratories	595 Montreal Road	Suite 101	Ottawa	K1K 4L2	2.16.840.1.113883.3.59.2	ACTIVE
3653	SCC	Gamma-Dynacare Medical Laboratories	550 Louise Street	\N	Winchester	K0C 2K0	2.16.840.1.113883.3.59.2	ACTIVE
3654	SCC	Gamma-Dynacare Medical Laboratories	1385 Bank Street, Suite B-1	\N	Ottawa	K1H 8N4	2.16.840.1.113883.3.59.2	ACTIVE
3655	SCC	Gamma-Dynacare Medical Laboratories	99 Kakulu Road	\N	Kanata	K2L 3C8	2.16.840.1.113883.3.59.2	ACTIVE
3656	SCC	Gamma-Dynacare Medical Laboratories	16 Green Street	\N	Nepean	K2J 3R2	2.16.840.1.113883.3.59.2	ACTIVE
3657	SCC	Gamma-Dynacare Medical Laboratories	770 Broadview Avenue	B-9	Ottawa	K2A 3Z3	2.16.840.1.113883.3.59.2	ACTIVE
3658	SCC	Gamma-Dynacare Medical Laboratories	5492 South River Drive	\N	Manotick	K4M 1J3	2.16.840.1.113883.3.59.2	ACTIVE
3659	SCC	Gamma-Dynacare Medical Laboratories	1062 Ghislain Street	\N	Hawkesbury	K6A 3B2	2.16.840.1.113883.3.59.2	ACTIVE
3660	SCC	Gamma-Dynacare Medical Laboratories	152 Cleopatra Drive	\N	Ottawa	K2G 5X4	2.16.840.1.113883.3.59.2	ACTIVE
3661	SCC	Gamma-Dynacare Medical Laboratories	5307 Canotek Road	\N	Gloucester	K1J 8X5	2.16.840.1.113883.3.59.2	ACTIVE
3662	SCC	Gamma-Dynacare Medical Laboratories	100 Marie Curie	Suite 203A	Ottawa	K1N 6N5	2.16.840.1.113883.3.59.2	ACTIVE
3663	SCC	Gamma-Dynacare Medical Laboratories	2671 Concession Road	\N	Kemptville	K0G 1J0	2.16.840.1.113883.3.59.2	ACTIVE
3664	SCC	Gamma-Dynacare Medical Laboratories	3029 Carling Avenue	\N	Ottawa	K2B 8E8	2.16.840.1.113883.3.59.2	ACTIVE
3665	SCC	Gamma-Dynacare Medical Laboratories	700 Eagleson Road	\N	Kanata	K2M 2G9	2.16.840.1.113883.3.59.2	ACTIVE
3666	SCC	Gamma-Dynacare Medical Laboratories	31 Nova Scotia Walk	\N	Elliot Lake	P5A 1Y9	2.16.840.1.113883.3.59.2	ACTIVE
3667	SCC	Gamma-Dynacare Medical Laboratories	2555 Boulevard St. Joseph	\N	Orleans	K1C 1S6	2.16.840.1.113883.3.59.2	ACTIVE
3669	SCC	Gamma-Dynacare Medical Laboratories	631 Queenston Road	\N	Hamilton	L8K 6R5	2.16.840.1.113883.3.59.2	ACTIVE
3670	SCC	Gamma-Dynacare Medical Laboratories	849 Upper Wentworth Street	\N	Hamilton	L8L 2Z5	2.16.840.1.113883.3.59.2	ACTIVE
3671	SCC	Gamma-Dynacare Medical Laboratories	13291 Yonge Street	\N	Richmond Hill	L4E 4L6	2.16.840.1.113883.3.59.2	ACTIVE
3672	SCC	Gamma-Dynacare Medical Laboratories	8 Taylor Road	\N	Bracebridge	P1L 1S6	2.16.840.1.113883.3.59.2	ACTIVE
3673	SCC	Gamma-Dynacare Medical Laboratories	249 Ontario Street	\N	Port Hope	L1A 3Y9	2.16.840.1.113883.3.59.2	ACTIVE
3674	SCC	Gamma-Dynacare Medical Laboratories	119 Queen Street North	\N	Tottenham	L0G 1W0	2.16.840.1.113883.3.59.2	ACTIVE
3675	SCC	Gamma-Dynacare Medical Laboratories	100 Colborne Street West	\N	Orillia	L3V 2Y9	2.16.840.1.113883.3.59.2	ACTIVE
3676	SCC	Gamma-Dynacare Medical Laboratories	400 Queen Street West	\N	Brampton	L6X 1B3	2.16.840.1.113883.3.59.2	ACTIVE
3677	SCC	Gamma-Dynacare Medical Laboratories	164 Queen Street East	\N	Brampton	L6V 1B4	2.16.840.1.113883.3.59.2	ACTIVE
3678	SCC	Gamma-Dynacare Medical Laboratories	170 McEwan Drive East	Suite 103	Bolton	L0P 1A0	2.16.840.1.113883.3.59.2	ACTIVE
3679	SCC	Gamma-Dynacare Medical Laboratories	2401 Yonge Street	Suite LL09	Toronto	M4P 2E7	2.16.840.1.113883.3.59.2	ACTIVE
3680	SCC	Gamma-Dynacare Medical Laboratories	1315 Finch Avenue West	\N	North York	M3J 2G6	2.16.840.1.113883.3.59.2	ACTIVE
3681	SCC	Gamma-Dynacare Medical Laboratories	280 Spadina Avenue	\N	Toronto	M5T 3A5	2.16.840.1.113883.3.59.2	ACTIVE
3682	SCC	Gamma-Dynacare Medical Laboratories	960 Lawrence Avenue West	Suite 102	North York	M6A 3B5	2.16.840.1.113883.3.59.2	ACTIVE
3683	SCC	Gamma-Dynacare Medical Laboratories	505 King Street West	\N	Hamilton	L8P 1B9	2.16.840.1.113883.3.59.2	ACTIVE
3684	SCC	Gamma-Dynacare Medical Laboratories	328 Highway 7 East	\N	Richmond Hill	L4B 3P7	2.16.840.1.113883.3.59.2	ACTIVE
3685	SCC	Gamma-Dynacare Medical Laboratories	1885 Glenanna Road	\N	Pickering	L1V 3V5	2.16.840.1.113883.3.59.2	ACTIVE
3689	SCC	Gamma-Dynacare Medical Laboratories	20 Emma Street	\N	Chatham	N7L 5K5	2.16.840.1.113883.3.59.2	ACTIVE
3702	SCC	LifeLabs	421 Greenbrook Drive	\N	Kitchener	N2M 4K1	2.16.840.1.113883.3.59.2	ACTIVE
3703	SCC	LifeLabs	99 Sinclair Avenue	\N	Georgetown	L7G 5G1	2.16.840.1.113883.3.59.2	ACTIVE
3704	SCC	LifeLabs	575 River Glen Blvd.	\N	Oakville	L6H 6X6	2.16.840.1.113883.3.59.2	ACTIVE
3705	SCC	LifeLabs	1221 Bloor Street East	\N	Mississauga	L4Y 2N8	2.16.840.1.113883.3.59.2	ACTIVE
3706	SCC	LifeLabs	9780 Bramalea Road	Suite 407	Brampton	L6S 2P1	2.16.840.1.113883.3.59.2	ACTIVE
3707	SCC	LifeLabs	1420 Burnhamthorpe Road East	Suite 105	Mississauga	L4X 2Z9	2.16.840.1.113883.3.59.2	ACTIVE
3708	SCC	LifeLabs	2065 Finch Avenue West	\N	North York	M3N 2V7	2.16.840.1.113883.3.59.2	ACTIVE
3709	SCC	LifeLabs	2200 Fairview Street	\N	Burlington	L7R 4H9	2.16.840.1.113883.3.59.2	ACTIVE
3711	SCC	LifeLabs	170 Rebecca Street	\N	Oakville	L6K 1J6	2.16.840.1.113883.3.59.2	ACTIVE
3713	SCC	LifeLabs	1400 Ritson Road North	L.L., Suite 002	Oshawa	L1G 7W4	2.16.840.1.113883.3.59.2	ACTIVE
3714	SCC	LifeLabs	3025 Hurontario Street	\N	Mississauga	L5A 2H1	2.16.840.1.113883.3.59.2	ACTIVE
3715	SCC	LifeLabs	950 Southdown Road	\N	Mississauga	L5J 2Y4	2.16.840.1.113883.3.59.2	ACTIVE
3716	SCC	LifeLabs	100 Pertosa Drive	\N	Brampton	L6X 4W7	2.16.840.1.113883.3.59.2	ACTIVE
3717	SCC	LifeLabs	40 Finchgate Boulevard	Basement	Brampton	L6T 3J1	2.16.840.1.113883.3.59.2	ACTIVE
3718	SCC	LifeLabs	1255 Sheppard Avenue East	\N	North York	M2K 1E2	2.16.840.1.113883.3.59.2	ACTIVE
3719	SCC	LifeLabs	25 Charlton Avenue East	\N	Hamilton	L8N 1Y2	2.16.840.1.113883.3.59.2	ACTIVE
3720	SCC	LifeLabs	246 Dundas Street South	\N	Cambridge	N1R 8A8	2.16.840.1.113883.3.59.2	ACTIVE
3721	SCC	LifeLabs	10425 Kennedy Road North	Suite 105	Brampton	L6Z 0A4	2.16.840.1.113883.3.59.2	ACTIVE
3722	SCC	LifeLabs	170 The Queensway West	Lower Level	Mississauga	L5B 3A8	2.16.840.1.113883.3.59.2	ACTIVE
3723	SCC	LifeLabs	3098 Carling Avenue	\N	Ottawa	K2B 7K2	2.16.840.1.113883.3.59.2	ACTIVE
3724	SCC	Gamma-Dynacare Medical Laboratories	348 Muskoka Road North #3	Suite 102	Huntsville	P1H 1H8	2.16.840.1.113883.3.59.2	ACTIVE
3725	SCC	LifeLabs	425 Cecelia Street	\N	Pembroke	K8A 1S7	2.16.840.1.113883.3.59.2	ACTIVE
3726	SCC	LifeLabs	282 Linwell Road	\N	St. Catharines	L2N 6N5	2.16.840.1.113883.3.59.2	ACTIVE
3727	SCC	LifeLabs	1366 Yonge Street	\N	Toronto	M4T 3A7	2.16.840.1.113883.3.59.2	ACTIVE
3728	SCC	LifeLabs	1119 Fennell Avenue East	\N	Hamilton	L8T 1S2	2.16.840.1.113883.3.59.2	ACTIVE
3729	SCC	LifeLabs	167 Centre Street	\N	Shelburne	L9V 3R8	2.16.840.1.113883.3.59.2	ACTIVE
3730	SCC	LifeLabs	20 Wynford Drive	Suite 107	North York	M3C 1J4	2.16.840.1.113883.3.59.2	ACTIVE
3731	SCC	LifeLabs	200 Brock Street North	Main Floor	Whitby	L1N 4H5	2.16.840.1.113883.3.59.2	ACTIVE
3732	SCC	LifeLabs	510 Ingersoll Avenue	\N	Woodstock	N4S 4X9	2.16.840.1.113883.3.59.2	ACTIVE
3733	SCC	Donway Diagnostics Limited	474 College Street	\N	Toronto	M6G 1A4	2.16.840.1.113883.3.59.2	ACTIVE
3734	SCC	Donway Diagnostics Limited	5801 Yonge Street	Unit 5	North York	M2M 3T9	2.16.840.1.113883.3.59.2	ACTIVE
3735	SCC	Mimico Medical Clinic	398 Royal York Road	\N	Etobicoke	M8Y 2R6	2.16.840.1.113883.3.59.2	ACTIVE
3736	SCC	LifeLabs	124 Barker Street	\N	London	N5Y 1Y1	2.16.840.1.113883.3.59.2	ACTIVE
3737	SCC	LifeLabs	221 Brant Avenue	\N	Brantford	N3T 3J2	2.16.840.1.113883.3.59.2	ACTIVE
3738	SCC	LifeLabs	697 Coronation Boulevard	\N	Cambridge	N1R 7S9	2.16.840.1.113883.3.59.2	ACTIVE
3739	SCC	LifeLabs	118-7th Avenue	\N	Hanover	N4N 2G9	2.16.840.1.113883.3.59.2	ACTIVE
3740	SCC	LifeLabs	21 Surrey Street West	\N	Guelph	N1H 3R3	2.16.840.1.113883.3.59.2	ACTIVE
3741	SCC	LifeLabs	2 Champagne Drive	\N	Toronto	M3J 2C5	2.16.840.1.113883.3.59.2	ACTIVE
3742	SCC	LifeLabs	5 Fairview Mall Drive	\N	North York	M2J 2Z1	2.16.840.1.113883.3.59.2	ACTIVE
3743	SCC	LifeLabs	4125 Lawrence Avenue East	Suite 201	Scarborough	M1E 2S2	2.16.840.1.113883.3.59.2	ACTIVE
3748	SCC	LifeLabs	2340 Dundas Street West	\N	Toronto	M6P 4A9	2.16.840.1.113883.3.59.2	ACTIVE
3749	SCC	LifeLabs	688 Coxwell Avenue	\N	Toronto	M4C 3B7	2.16.840.1.113883.3.59.2	ACTIVE
3750	SCC	LifeLabs	4235 Sheppard Avenue East	\N	Scarborough	M1S 1T7	2.16.840.1.113883.3.59.2	ACTIVE
3751	SCC	LifeLabs	12267 Tenth Line	\N	Stouffville	L4A 0Y1	2.16.840.1.113883.3.59.2	ACTIVE
3753	SCC	LifeLabs	6633 Highway #7	\N	Markham	L3P 7P2	2.16.840.1.113883.3.59.2	ACTIVE
3755	SCC	LifeLabs	3850 Finch Avenue East	\N	Scarborough	M1T 3T6	2.16.840.1.113883.3.59.2	ACTIVE
3756	SCC	LifeLabs	2562 Lawrence Avenue East	\N	Scarborough	M1P 2R7	2.16.840.1.113883.3.59.2	ACTIVE
3757	SCC	LifeLabs	526 St. Clair Avenue West	\N	Toronto	M6C 1A2	2.16.840.1.113883.3.59.2	ACTIVE
3758	SCC	LifeLabs	2330 Kennedy Road	\N	Scarborough	M1T 0A2	2.16.840.1.113883.3.59.2	ACTIVE
3761	SCC	LifeLabs	3075 Hospital Gate	\N	Oakville	L6M 1M1	2.16.840.1.113883.3.59.2	ACTIVE
3762	SCC	LifeLabs	2797 Bathurst Street	\N	North York	M6B 4B9	2.16.840.1.113883.3.59.2	ACTIVE
3763	SCC	LifeLabs	601 Harwood Avenue South	\N	Ajax	L1S 2J5	2.16.840.1.113883.3.59.2	ACTIVE
3765	SCC	LifeLabs	2863 Ellesmere Road	\N	Scarborough	M1E 5E9	2.16.840.1.113883.3.59.2	ACTIVE
3767	SCC	LifeLabs	83 Dawson Road	\N	Guelph	N1H 1B1	2.16.840.1.113883.3.59.2	ACTIVE
3768	SCC	LifeLabs	370 Bayview Drive	\N	Barrie	L4N 0M7	2.16.840.1.113883.3.59.2	ACTIVE
3771	SCC	LifeLabs	1333 Neilson Road	\N	Scarborough	M1B 4Y9	2.16.840.1.113883.3.59.2	ACTIVE
3773	SCC	LifeLabs	11 Gibb Street	\N	Oshawa	L1H 2J9	2.16.840.1.113883.3.59.2	ACTIVE
3777	SCC	LifeLabs	1017 Wilson Avenue	\N	North York	M3K 1Z1	2.16.840.1.113883.3.59.2	ACTIVE
3780	SCC	LifeLabs	29 Toronto Street	\N	Uxbridge	L9P 1P7	2.16.840.1.113883.3.59.2	ACTIVE
3787	SCC	LifeLabs	106 Victoria Street W	\N	Alliston	L9R 1Y7	2.16.840.1.113883.3.59.2	ACTIVE
3788	SCC	LifeLabs	2780 Jane Street	\N	Toronto	M3N 2J2	2.16.840.1.113883.3.59.2	ACTIVE
3791	SCC	LifeLabs	16 O'Brien St.	\N	Orillia	L3V 5S2	2.16.840.1.113883.3.59.2	ACTIVE
3792	SCC	LifeLabs	531 Davis Drive	\N	Newmarket	L3Y 6P5	2.16.840.1.113883.3.59.2	ACTIVE
3793	SCC	LifeLabs	3000 Lawrence Avenue East	\N	Scarborough	M1P 2V1	2.16.840.1.113883.3.59.2	ACTIVE
3795	SCC	LifeLabs	45 King Street East	\N	Ingersoll	N5C 1G5	2.16.840.1.113883.3.59.2	ACTIVE
3796	SCC	LifeLabs	1960 Appleby Line	\N	Burlington	L7L 0B7	2.16.840.1.113883.3.59.2	ACTIVE
3798	SCC	LifeLabs	3530 Derry Road East	\N	Mississauga	L4T 4E3	2.16.840.1.113883.3.59.2	ACTIVE
3799	SCC	LifeLabs	100 Holland Court	\N	Bradford	L3Z 1R8	2.16.840.1.113883.3.59.2	ACTIVE
3800	SCC	LifeLabs	95 First Street	\N	Orangeville	L9W 2E8	2.16.840.1.113883.3.59.2	ACTIVE
3801	SCC	LifeLabs	581 Argus Road	\N	Oakville	L6J 3J4	2.16.840.1.113883.3.59.2	ACTIVE
3802	SCC	LifeLabs	17730 Leslie Street	\N	Newmarket	L3Y 3E4	2.16.840.1.113883.3.59.2	ACTIVE
3803	SCC	Georgian Bay General Hospital - Elmvale Site	35 Queen Street West	\N	Elmvale	L0L 1P0	2.16.840.1.113883.3.59.2	ACTIVE
3804	SCC	LifeLabs	385 Frederick Street	\N	Kitchener	N2H 2P2	2.16.840.1.113883.3.59.2	ACTIVE
3805	SCC	LifeLabs	704 Mara Street	\N	Point Edward	N7V 1X4	2.16.840.1.113883.3.59.2	ACTIVE
3806	SCC	LifeLabs	1243 Islington Avenue	\N	Toronto	M8X 1Y9	2.16.840.1.113883.3.59.2	ACTIVE
3807	SCC	LifeLabs	4600 Highway #7	\N	Woodbridge	L4L 4Y7	2.16.840.1.113883.3.59.2	ACTIVE
3808	SCC	Intercounty Laboratories Limited	187 St. Clair Avenue West	\N	Toronto	M4V 1P7	2.16.840.1.113883.3.59.2	ACTIVE
3809	SCC	LifeLabs	7131 Bathurst Street	\N	Thornhill	L4J 7Z1	2.16.840.1.113883.3.59.2	ACTIVE
3810	SCC	LifeLabs	1 Centrepointe Drive	Suite 104	Nepean	K2G 6E2	2.16.840.1.113883.3.59.2	ACTIVE
3811	SCC	Gamma-Dynacare Medical Laboratories	2009 Long Lake Road, Suite B4	\N	Sudbury	P3E 6C3	2.16.840.1.113883.3.59.2	ACTIVE
3812	SCC	Medical Laboratories of Windsor Limited	197 Talbot Street West	\N	Leamington	N8H 1N8	2.16.840.1.113883.3.59.2	ACTIVE
3813	SCC	LifeLabs	34 Whitewood Avenue West	\N	New Liskeard	P0J 1P0	2.16.840.1.113883.3.59.2	ACTIVE
3814	SCC	LifeLabs	15 Mountain Avenue South	\N	Stoney Creek	L8G 2V6	2.16.840.1.113883.3.59.2	ACTIVE
3815	SCC	LifeLabs	85 Norfolk Street	Suite 101	Guelph	N1H 4J4	2.16.840.1.113883.3.59.2	ACTIVE
3816	SCC	LifeLabs	2211 Parkedale Avenue	\N	Brockville	K6V 6B2	2.16.840.1.113883.3.59.2	ACTIVE
3817	SCC	LifeLabs	91 Cornelia Street West	\N	Smiths Falls	K7A 5K3	2.16.840.1.113883.3.59.2	ACTIVE
3818	SCC	LifeLabs	172 Elizabeth Street East	\N	Listowel	N4W 2P4	2.16.840.1.113883.3.59.2	ACTIVE
3819	SCC	LifeLabs	342 Erie Street	Suite 106	Stratford	N5A 2N4	2.16.840.1.113883.3.59.2	ACTIVE
3820	SCC	LifeLabs	208 Margaret Avenue	\N	Wallaceburg	N8A 2A1	2.16.840.1.113883.3.59.2	ACTIVE
3821	SCC	LifeLabs	429 Exmouth Street	\N	Sarnia	N7T 6Y5	2.16.840.1.113883.3.59.2	ACTIVE
3822	SCC	LifeLabs	491 Lawrence Avenue West	\N	North York	M5M 1C7	2.16.840.1.113883.3.59.2	ACTIVE
3823	SCC	LifeLabs	1235 Trafalgar Road, Unit B8	\N	Oakville	L6H 3P1	2.16.840.1.113883.3.59.2	ACTIVE
3824	SCC	LifeLabs	38 Pine St. N., The 101 Mall	Suite #107	Timmins	P4N 6K6	2.16.840.1.113883.3.59.2	ACTIVE
3825	SCC	LifeLabs	44 Great Northern Road	\N	Sault Ste. Marie	P6B 4Y5	2.16.840.1.113883.3.59.2	ACTIVE
3826	SCC	LifeLabs	194 North Court Street	\N	Thunder Bay	P7A 4V7	2.16.840.1.113883.3.59.2	ACTIVE
3827	SCC	LifeLabs	807 Broadview Avenue	\N	Toronto	M4K 2P8	2.16.840.1.113883.3.59.2	ACTIVE
3833	SCC	LifeLabs	48 Lansdowne Avenue	\N	Carleton Place	K7C 3S9	2.16.840.1.113883.3.59.2	ACTIVE
3834	SCC	LifeLabs	1935 Paris Street	\N	Sudbury	P3E 3C6	2.16.840.1.113883.3.59.2	ACTIVE
3835	SCC	LifeLabs	1105 Kingston Road	\N	Pickering	L1V 1B5	2.16.840.1.113883.3.59.2	ACTIVE
3837	SCC	LifeLabs	55 Wyndham Street North	\N	Guelph	N1H 7T8	2.16.840.1.113883.3.59.2	ACTIVE
3838	SCC	LifeLabs	857 Grand Avenue West	Suite104 & 106	Chatham	N7L 4T1	2.16.840.1.113883.3.59.2	ACTIVE
3839	SCC	LifeLabs	311 Commercial Street	\N	Milton	L9T 3Z9	2.16.840.1.113883.3.59.2	ACTIVE
3840	SCC	Gamma-Dynacare Medical Laboratories	381 Kent Street	\N	Ottawa	K2P 2A8	2.16.840.1.113883.3.59.2	ACTIVE
3841	SCC	Gamma-Dynacare Medical Laboratories	500 Raglan Street	\N	Renfrew	K7V 1P5	2.16.840.1.113883.3.59.2	ACTIVE
3842	SCC	Gamma-Dynacare Medical Laboratories	761 Brant Street	\N	Burlington	L2R 2H7	2.16.840.1.113883.3.59.2	ACTIVE
3843	SCC	Gamma-Dynacare Medical Laboratories	74 Front Street East	\N	Strathroy	N7G 1Y7	2.16.840.1.113883.3.59.2	ACTIVE
3844	SCC	Gamma-Dynacare Medical Laboratories	1290 Keith Ross Court	\N	Oshawa	L1H 7K4	2.16.840.1.113883.3.59.2	ACTIVE
3845	SCC	Gamma-Dynacare Medical Laboratories	3030 Lawrence Avenue East	Suite B05	Scarborough	M1P 2T7	2.16.840.1.113883.3.59.2	ACTIVE
3846	SCC	LifeLabs	820 McConnell Ave.	Suite 121	Cornwall	K6H 4M4	2.16.840.1.113883.3.59.2	ACTIVE
3847	SCC	Alpha Laboratories Incorporated	245 Dixon Road	Suite 112	Toronto	M9P 2M4	2.16.840.1.113883.3.59.2	ACTIVE
3848	SCC	Gamma-Dynacare Medical Laboratories	110 Copper Creek Drive	\N	Markham	L6B 0P9	2.16.840.1.113883.3.59.2	ACTIVE
3849	SCC	Gamma-Dynacare Medical Laboratories	6453 Morrison Street	Suite 104	Niagara Falls	L2E 7H1	2.16.840.1.113883.3.59.2	ACTIVE
3850	SCC	Medical Laboratories of Windsor Limited	1909 Tecumseh Road East	\N	Windsor	N8W 1C9	2.16.840.1.113883.3.59.2	ACTIVE
3851	SCC	LifeLabs	849 Alexander Court	Suite 105	Peterborough	K9J 7H8	2.16.840.1.113883.3.59.2	ACTIVE
3852	SCC	LifeLabs	121 Wellington Street West	\N	Barrie	L4N 1L2	2.16.840.1.113883.3.59.2	ACTIVE
3853	SCC	LifeLabs	400 The East Mall	Basement, Suite 43	Etobicoke	M9B 3Z9	2.16.840.1.113883.3.59.2	ACTIVE
3854	SCC	LifeLabs	5400 Portage Road	\N	Niagara Falls	L2G 5X7	2.16.840.1.113883.3.59.2	ACTIVE
3855	SCC	CML HealthCare Inc.	613 Upper James Street	\N	Hamilton	L9C 2Y9	2.16.840.1.113883.3.59.2	ACTIVE
3856	SCC	Porphyrin Photobiology Laboratory	855 Broadview Avenue	\N	Toronto	M4K 3Z1	2.16.840.1.113883.3.59.2	ACTIVE
3859	SCC	Gamma-Dynacare Medical Laboratories	60 James Street	\N	Parry Sound	P2A 1T5	2.16.840.1.113883.3.59.2	ACTIVE
3862	SCC	Sault Area Hospital	969 Queen Street East	\N	Sault Ste. Marie	P6A 2C4	2.16.840.1.113883.3.59.2	ACTIVE
3863	SCC	Gamma-Dynacare Medical Laboratories	414 Victoria Avenue North	\N	Hamilton	L8L 5G8	2.16.840.1.113883.3.59.2	ACTIVE
3864	SCC	LifeLabs	P.O. Box 807	7217 Gelert Road	Haliburton	K0M 1S0	2.16.840.1.113883.3.59.2	ACTIVE
3865	SCC	LifeLabs	430 The Boardwalk	\N	Waterloo	N2T 0C1	2.16.840.1.113883.3.59.2	ACTIVE
3866	SCC	Medical Laboratories of Windsor Limited	13278 Tecumseh Road East	\N	Tecumseh	N8N 3T6	2.16.840.1.113883.3.59.2	ACTIVE
3867	SCC	LifeLabs	68 Hastings Street	\N	Bancroft	KOL 1C0	2.16.840.1.113883.3.59.2	ACTIVE
3868	SCC	Gamma-Dynacare Medical Laboratories	3695 Keele Street	\N	North York	M3J 1N2	2.16.840.1.113883.3.59.2	ACTIVE
3869	SCC	Four Counties Health Services	1824 Concession Drive	\N	Newbury	N0L 1Z0	2.16.840.1.113883.3.59.2	ACTIVE
3870	SCC	LifeLabs	301 Victoria Avenue	\N	Fort Frances	P9A 2C1	2.16.840.1.113883.3.59.2	ACTIVE
3871	SCC	Huronia District Hospital - Penetanguishene Hospital Site	25 Jeffery Street	\N	Penetanguishene	L9M 1K6	2.16.840.1.113883.3.59.2	ACTIVE
3873	SCC	Gamma-Dynacare Medical Laboratories	385 Fairway Road South	\N	Kitchener	N2C 2N9	2.16.840.1.113883.3.59.2	ACTIVE
3874	SCC	Burk's Falls and District Health Centre Site	150 Huston Street	\N	Burk's Falls	P0A 1C0	2.16.840.1.113883.3.59.2	ACTIVE
3875	SCC	LifeLabs	751 Victoria Street South	\N	Kitchener	N2M 5N4	2.16.840.1.113883.3.59.2	ACTIVE
3876	SCC	LifeLabs	119 Pine Street South	\N	Timmins	P4N 2K3	2.16.840.1.113883.3.59.2	ACTIVE
3877	SCC	LifeLabs	Medical/Dental Services Building, Building 0-142	El Alamein Street	Borden	L0M 1C0	2.16.840.1.113883.3.59.2	ACTIVE
3878	SCC	LifeLabs	474 College Street	\N	Toronto	M6G 1A4	2.16.840.1.113883.3.59.2	ACTIVE
3879	SCC	LifeLabs	5805 Yonge Street	\N	North York	M2M 3T9	2.16.840.1.113883.3.59.2	ACTIVE
3880	SCC	LifeLabs	398 Royal York Road	\N	Etobicoke	M8Y 2R6	2.16.840.1.113883.3.59.2	ACTIVE
3881	SCC	LifeLabs	187 St. Clair Avenue West	\N	Toronto	M4V 1P7	2.16.840.1.113883.3.59.2	ACTIVE
3882	SCC	Thorne Nursing Station	99 Cedar Street	PO Box 42	Thorne	P0H 2J0	2.16.840.1.113883.3.59.2	ACTIVE
3883	SCC	LifeLabs	1104 Sheppard Avenue East	\N	North York	M2K 2V9	2.16.840.1.113883.3.59.2	ACTIVE
3884	SCC	Gamma-Dynacare Medical Laboratories	10 Unionville Gate	\N	Markham	L3R 0W7	2.16.840.1.113883.3.59.2	ACTIVE
3885	SCC	Gamma-Dynacare Medical Laboratories	123 Edward Street	\N	Toronto	M5G 1G6	2.16.840.1.113883.3.59.2	ACTIVE
3886	SCC	LifeLabs	1371 Neilson Rd.	Suite 102	Scarborough	M1B 4Z8	2.16.840.1.113883.3.59.2	ACTIVE
3887	SCC	Gamma-Dynacare Medical Laboratories	180 Cambria Road North	\N	Goderich	N7A 4N8	2.16.840.1.113883.3.59.2	ACTIVE
3888	SCC	Gamma-Dynacare Medical Laboratories	2951 Walkers Line	\N	Burlington	L7M 4Y1	2.16.840.1.113883.3.59.2	ACTIVE
3891	SCC	Gamma-Dynacare Medical Laboratories	300 Rossland Rd. East	\N	Ajax	L1Z 0M1	2.16.840.1.113883.3.59.2	ACTIVE
3892	SCC	Alpha Laboratories Incorporated	555 Prince Charles Drive North	Suite 111	Welland	L3C 2T8	2.16.840.1.113883.3.59.2	ACTIVE
3894	SCC	Alpha Laboratories Incorporated	2 Thompson Crescent	Unit 2	Erin	N0B 1T0	2.16.840.1.113883.3.59.2	ACTIVE
3895	SCC	Alpha Laboratories Incorporated	622 College Street	Suite 203	Toronto	M6G 1B4	2.16.840.1.113883.3.59.2	ACTIVE
3896	SCC	Alpha Laboratories Incorporated	751 Pape Ave	LL	Toronto	M4K 3T1	2.16.840.1.113883.3.59.2	ACTIVE
3897	SCC	Alpha Laboratories Incorporated	1223 St. Clair Ave. West	Suite 304	Toronto	M6E 1B5	2.16.840.1.113883.3.59.2	ACTIVE
3899	SCC	Bio-Test Laboratory Incorporated	570 Lacolle Way Industrial Park	\N	Ottawa	K1C 1T1	2.16.840.1.113883.3.59.2	ACTIVE
3903	SCC	Alpha Laboratories Incorporated	2830 Keele Street	\N	Toronto	M3M 2G8	2.16.840.1.113883.3.59.2	ACTIVE
3907	SCC	Medical Laboratories of Windsor Limited	2462 Howard Avenue	\N	Windsor	N8X 3V6	2.16.840.1.113883.3.59.2	ACTIVE
3908	SCC	Medical Laboratories of Windsor Limited	2224 Walker Road	\N	Windsor	N8W 5L7	2.16.840.1.113883.3.59.2	ACTIVE
3911	SCC	Gamma-Dynacare Medical Laboratories	1 Centennial Dr	\N	Seaforth	N0K 1W0	2.16.840.1.113883.3.59.2	ACTIVE
3915	SCC	Alpha Laboratories Incorporated	510 Southdale Road East	Suite 202	London	N6E 1A5	2.16.840.1.113883.3.59.2	ACTIVE
3917	SCC	Alpha Laboratories Incorporated	2630 Rutherford Road	\N	Vaughan	L4K 0H2	2.16.840.1.113883.3.59.2	ACTIVE
3918	SCC	FlowLabs - Bay Street	790 Bay Street	Suite 935	Toronto	M5G 1N8	2.16.840.1.113883.3.59.2	ACTIVE
3921	SCC	Alpha Laboratories Incorporated	5959 Anderson Street	\N	Whitby	L1M 2E9	2.16.840.1.113883.3.59.2	ACTIVE
3925	SCC	Alpha Laboratories Incorporated	6870 Goreway Drive	Suite 102A	Mississauga	L4V 1P1	2.16.840.1.113883.3.59.2	ACTIVE
3926	SCC	FlowLabs - Kingston	76 Stuart Street	Kidd 5, 22.5.009	Kingston	K7L 2V7	2.16.840.1.113883.3.59.2	ACTIVE
3929	SCC	Dynacare	7700 Hurontario Street	\N	Brampton	L6Y 4M3	2.16.840.1.113883.3.59.2	ACTIVE
3933	SCC	Alpha Laboratories Incorporated	7163 Yonge Street	\N	Markham	L3T 0C8	2.16.840.1.113883.3.59.2	ACTIVE
3934	SCC	Gamma-Dynacare Medical Laboratories	1030 Kennedy Circle, Unit 3C	\N	Milton	L9T 0J9	2.16.840.1.113883.3.59.2	ACTIVE
3935	SCC	Gamma-Dynacare Medical Laboratories	1210 Castlemore Avenue	\N	Markham	L6E 0H7	2.16.840.1.113883.3.59.2	ACTIVE
3938	SCC	FlowLabs - Meadowvale Boulevard	2180 Meadowvale Boulevard	\N	Mississauga	L5N 5S3	2.16.840.1.113883.3.59.2	ACTIVE
3973	SCC	Alpha Laboratories Incorporated	3530 Derry Road East	Unit 208	Mississauga	L4T 4E3	2.16.840.1.113883.3.59.2	ACTIVE
3974	SCC	Alpha Laboratories Incorporated	124 Barker Street	Unit 2	London	N5Y 1X9	2.16.840.1.113883.3.59.2	ACTIVE
3976	SCC	Alpha Laboratories Incorporated	95 Bayly St. W.	Suite 208	Ajax	L1S 4E5	2.16.840.1.113883.3.59.2	ACTIVE
3977	SCC	Alpha Laboratories Incorporated	444 Duoro St	Suite 106	Stratford	N5A 0E6	2.16.840.1.113883.3.59.2	ACTIVE
3978	SCC	Alpha Laboratories Incorporated	140 Oxford St	Unit 104	London	N6A 5R9	2.16.840.1.113883.3.59.2	ACTIVE
3983	SCC	Alpha Laboratories Incorporated	191 McNaughton Road	\N	Vaughan	L6A 4E2	2.16.840.1.113883.3.59.2	ACTIVE
3988	SCC	Gamma-Dynacare Medical Laboratories	1824 Concession Drive	\N	Newbury	N0L 1Z0	2.16.840.1.113883.3.59.2	ACTIVE
3989	SCC	Alpha Laboratories Incorporated	4 Campbell Drive	\N	Uxbridge	L9P 1S4	2.16.840.1.113883.3.59.2	ACTIVE
3996	SCC	FlowLabs - St. Catharines	245 Pelham Road	Suite 104A	St. Catharines	L2S 1X8	2.16.840.1.113883.3.59.2	ACTIVE
3997	SCC	Dynacare	304 Victoria Avenue North	\N	Hamilton	L8L 5G4	2.16.840.1.113883.3.59.2	ACTIVE
4001	LAB	St. Joseph's General Hospital	70 Spine Road	\N	Elliot Lake	P5A 1X2	2.16.840.1.113883.3.59.1	ACTIVE
4002	LAB	Dr. Peter D. Pan Regional Laboratory	21 Sylvan Street West	\N	Kenora	P9N 3W7	2.16.840.1.113883.3.59.1	ACTIVE
4003	LAB	Manitoulin Health Centre	13 Meredith Street	P.O Box 640	Little Current	P0P 1K0	2.16.840.1.113883.3.59.1	ACTIVE
4004	LAB	Georgian Bay General Hospital -  Midland Site	1112 St. Andrews Drive	\N	Midland	L4R 4P4	2.16.840.1.113883.3.59.1	ACTIVE
4005	LAB	Lennox and Addington County General Hospital	8 Park Drive	\N	Napanee	K7R 2Z4	2.16.840.1.113883.3.59.1	ACTIVE
4006	LAB	The Salvation Army Grace Hospital	1156 Wellington Street	\N	Ottawa	K1Y 2Z4	2.16.840.1.113883.3.59.1	ACTIVE
4008	LAB	Sioux Lookout Meno Ya Win Health Centre	1 Meno Ya Win Way	P.O. Box 909	Sioux Lookout	P8T 1B4	2.16.840.1.113883.3.59.1	ACTIVE
4009	LAB	Quinte Health Care - Trenton Memorial Hospital	242 King Street	\N	Trenton	K8V 3X1	2.16.840.1.113883.3.59.1	ACTIVE
4010	LAB	Glengarry Memorial Hospital	20260 County Road 43	\N	Alexandria	K0C 1A0	2.16.840.1.113883.3.59.1	ACTIVE
4011	LAB	Blind River District Health Centre	525 Causley Street	\N	Blind River	P0R 1B0	2.16.840.1.113883.3.59.1	ACTIVE
4012	LAB	South Muskoka Memorial Hospital	75 Ann Street	Box 1570	Bracebridge	P1L 2E4	2.16.840.1.113883.3.59.1	ACTIVE
4014	LAB	Joseph Brant Hospital	1245 Lakeshore Rd.	\N	Burlington	L7S 0A2	2.16.840.1.113883.3.59.1	ACTIVE
4015	LAB	Chatham Kent Health Alliance - Chatham Site	80 Grand Avenue West	\N	Chatham	N7L 1B7	2.16.840.1.113883.3.59.1	ACTIVE
4016	LAB	Englehart and District Hospital Incorporated	61 -  5th Street	\N	Englehart	P0J 1H0	2.16.840.1.113883.3.59.1	ACTIVE
4017	LAB	Kirkland and District Hospital	145 Government Road East	Bag 3000	Kirkland Lake	P2N 3P4	2.16.840.1.113883.3.59.1	ACTIVE
4018	LAB	Quinte Health Care - Prince Edward County Memorial Hospital	403 Main Street East	P.O. Box 1900	Picton	K0K 2T0	2.16.840.1.113883.3.59.1	ACTIVE
4019	LAB	North Bay Regional Health Centre Laboratory	50 College Drive	\N	North Bay	P1B 0A4	2.16.840.1.113883.3.59.1	ACTIVE
4020	LAB	The Ottawa Hospital - Riverside Campus	1967 Riverside Drive	\N	Ottawa	K1H 7W9	2.16.840.1.113883.3.59.1	ACTIVE
4022	LAB	St. Thomas-Elgin General Hospital	189 Elm Street	\N	St. Thomas	N5R 5C4	2.16.840.1.113883.3.59.1	ACTIVE
4023	LAB	Grey Bruce Health Services - Southampton Site	340 High Street	\N	Southampton	N0H 2L0	2.16.840.1.113883.3.59.1	ACTIVE
4024	LAB	Humber River Hospital	1235 Wilson Ave	\N	Toronto	M3M 0B2	2.16.840.1.113883.3.59.1	ACTIVE
4027	LAB	Niagara Health System - Welland Hospital	65 Third Street	\N	Welland	L3B 4W6	2.16.840.1.113883.3.59.1	ACTIVE
4028	LAB	Woodstock General Hospital	270 Riddell Street	\N	Woodstock	N4S 6N6	2.16.840.1.113883.3.59.1	ACTIVE
4029	LAB	Lakeridge Health Ajax-Pickering	580 Harwood Avenue South	\N	Ajax	L1S 2J4	2.16.840.1.113883.3.59.1	ACTIVE
4030	LAB	Atikokan General Hospital	120 Dorothy Street	\N	Atikokan	P0T 1C0	2.16.840.1.113883.3.59.1	ACTIVE
4031	LAB	St. Francis Memorial Hospital	7 St. Francis Memorial Drive	\N	Barry's Bay	K0J 1B0	2.16.840.1.113883.3.59.1	ACTIVE
4033	LAB	Lady Minto Hospital	241 Eighth Street	P.O. Box 4000	Cochrane	P0L 1C0	2.16.840.1.113883.3.59.1	ACTIVE
4034	LAB	Collingwood General and Marine Hospital	459 Hume Street	\N	Collingwood	L9Y 1W9	2.16.840.1.113883.3.59.1	ACTIVE
4035	LAB	Dryden Regional Health Centre	58 Goodall Street	\N	Dryden	P8N 1V8	2.16.840.1.113883.3.59.1	ACTIVE
4036	LAB	Riverside Health Care Facilities Inc.	110 Victoria Avenue	\N	Fort Frances	P9A 2B7	2.16.840.1.113883.3.59.1	ACTIVE
4037	LAB	St. Joseph's Healthcare	50 Charlton Avenue East	Charlton Site	Hamilton	L8N 4A6	2.16.840.1.113883.3.59.1	ACTIVE
4038	LAB	Alexandra Hospital	29 Noxon Street	\N	Ingersoll	N5C 3V6	2.16.840.1.113883.3.59.1	ACTIVE
4039	LAB	Waterloo Regional Health Network at Midtown	835 King Street West	\N	Kitchener	N2G 1G3	2.16.840.1.113883.3.59.1	ACTIVE
4040	LAB	Waterloo Regional Health Network at Queen's Blvd	911 Queen's Boulevard	\N	Kitchener	N2M 1B2	2.16.840.1.113883.3.59.1	ACTIVE
4041	LAB	Halton Healthcare Services Corporation - Milton site	7030 Derry Road	\N	Milton	L9T 7H6	2.16.840.1.113883.3.59.1	ACTIVE
4045	LAB	Bluewater Health - Norman Site	89 Norman Street	\N	Sarnia	N7T 6S3	2.16.840.1.113883.3.59.1	ACTIVE
4046	LAB	Sault Area Hospital	750 Great Northern Road	\N	Sault Ste Marie	P6B 0A8	2.16.840.1.113883.3.59.1	ACTIVE
4047	LAB	North York General Hospital	4001 Leslie Street	\N	North York	M2K 1E1	2.16.840.1.113883.3.59.1	ACTIVE
4049	LAB	Windsor Regional Hospital, Metropolitan Campus	1995 Lens Avenue	\N	Windsor	N8W 1L9	2.16.840.1.113883.3.59.1	ACTIVE
4050	LAB	Quinte Health Care - North Hastings Hospital	1-H Manor Lane	\N	Bancroft	K0L 1C0	2.16.840.1.113883.3.59.1	ACTIVE
4051	LAB	Guelph General Hospital	115 Delhi Street	\N	Guelph	N1E 4J4	2.16.840.1.113883.3.59.1	ACTIVE
4053	LAB	Headwaters Health Care Centre- Headwaters Orangeville	100 Rolling Hills Drive	\N	Orangeville	L9W 4X9	2.16.840.1.113883.3.59.1	ACTIVE
4057	LAB	South Huron Hospital	24 Huron Street West	\N	Exeter	N0M 1S2	2.16.840.1.113883.3.59.1	ACTIVE
4058	LAB	Geraldton District Hospital	500 Hogarth Avenue	\N	Geraldton	P0T 1M0	2.16.840.1.113883.3.59.1	ACTIVE
4059	LAB	Alexandra Marine and General Hospital	120 Napier Street	\N	Goderich	N7A 1W5	2.16.840.1.113883.3.59.1	ACTIVE
4060	LAB	Providence Care Hospital	752 King Street West	\N	Kingston	K7L 4X3	2.16.840.1.113883.3.59.1	ACTIVE
4061	LAB	Southlake Regional Health Centre	596 Davis Drive	\N	Newmarket	L3Y 2P9	2.16.840.1.113883.3.59.1	ACTIVE
4063	LAB	Scarborough and Rouge Hospital - General Site	3050 Lawrence Avenue East	\N	Scarborough	M1P 2V5	2.16.840.1.113883.3.59.1	ACTIVE
4066	LAB	Ross Memorial Hospital	10 Angeline Street North	\N	Lindsay	K9V 4M8	2.16.840.1.113883.3.59.1	ACTIVE
4067	LAB	Grey Bruce Health Services - Meaford Site	229 Nelson Street West	\N	Meaford	N4L 1A3	2.16.840.1.113883.3.59.1	ACTIVE
4068	LAB	North Wellington Health Care Corporation - Mount Forest Site	630 Dublin Street	\N	Mount Forest	N0G 2L3	2.16.840.1.113883.3.59.1	ACTIVE
4069	LAB	Niagara Health System - Niagara Falls Hospital	5546 Portage Road	\N	Niagara Falls	L2E 6X2	2.16.840.1.113883.3.59.1	ACTIVE
4070	LAB	Grey Bruce Health Services - Owen Sound Site	1800-8th Street East	\N	Owen Sound	N4K 6M9	2.16.840.1.113883.3.59.1	ACTIVE
4072	LAB	Bluewater Health - CEE Site	450 Blanche Street	\N	Petrolia	N0N 1R0	2.16.840.1.113883.3.59.1	ACTIVE
4073	LAB	Lakeridge Health Port Perry	451 Paxton Street	\N	Port Perry	L9L 1A8	2.16.840.1.113883.3.59.1	ACTIVE
4077	LAB	Strathroy Middlesex General Hospital	395 Carrie Street	\N	Strathroy	N7G 3C9	2.16.840.1.113883.3.59.1	ACTIVE
4080	LAB	Thunder Bay Regional Health Sciences Centre	980 Oliver Road	\N	Thunder Bay	P7B 6V4	2.16.840.1.113883.3.59.1	ACTIVE
4081	LAB	Hotel Dieu Grace Healthcare	1453 Prince Road	\N	Windsor	N9C 3Z4	2.16.840.1.113883.3.59.1	ACTIVE
4082	LAB	North York General Hospital  - Branson Site	555 Finch Avenue West	\N	North York	M2R 1N5	2.16.840.1.113883.3.59.1	ACTIVE
4083	LAB	St. Michael's Hospital	30 Bond Street	\N	Toronto	M5B 1W8	2.16.840.1.113883.3.59.1	ACTIVE
4084	LAB	Scarborough and Rouge Hospital - Centenary Site	2867 Ellesmere Road	Margaret Birch Wing	Scarborough	M1E 4B9	2.16.840.1.113883.3.59.1	ACTIVE
4085	LAB	Sunnybrook Health Sciences Centre, Women's College Hospital site	76 Grenville Street	\N	Toronto	M5S 1B2	2.16.840.1.113883.3.59.1	ACTIVE
4086	LAB	Quinte Health Care  - Trenton Hospital	242 King Street West	\N	Trenton	K8V 5S6	2.16.840.1.113883.3.59.1	ACTIVE
4088	LAB	Halton Healthcare Services Corporation - Georgetown Campus	1 Princess Anne Drive	\N	Georgetown	L7G 2B8	2.16.840.1.113883.3.59.1	ACTIVE
4089	LAB	Huron Perth Healthcare Alliance - Stratford Site	46 General Hospital Drive	\N	Stratford	N5A 2Y6	2.16.840.1.113883.3.59.1	ACTIVE
4090	LAB	Norfolk General Hospital	365 West Street	\N	Simcoe	N3Y 1T7	2.16.840.1.113883.3.59.1	ACTIVE
4092	LAB	Brant Community Healthcare System Laboratory	200 Terrace Hill Street	\N	Brantford	N3R 1G9	2.16.840.1.113883.3.59.1	ACTIVE
4093	LAB	Haldimand War Memorial Hospital	206 John Street	\N	Dunnville	N1A 2P7	2.16.840.1.113883.3.59.1	ACTIVE
4094	LAB	Erie Shores Healthcare	194 Talbot Street West	\N	Leamington	N8H 1N9	2.16.840.1.113883.3.59.1	ACTIVE
4095	LAB	Lakeridge Health Oshawa	1 Hospital Court	\N	Oshawa	L1G 2B9	2.16.840.1.113883.3.59.1	ACTIVE
4096	LAB	Huron Perth Healthcare Alliance - Seaforth Site	24 Centennial Drive	P.O. Box 99	Seaforth	N0K 1W0	2.16.840.1.113883.3.59.1	ACTIVE
4099	LAB	Deep River and District Hospital	117 Banting Drive	\N	Deep River	K0J 1P0	2.16.840.1.113883.3.59.1	ACTIVE
4100	LAB	Temiskaming Hospital	421 Shepherdson Road, P.O. Box 4040	\N	New Liskeard	P0J 1P0	2.16.840.1.113883.3.59.1	ACTIVE
4102	LAB	Oak Valley Health - Uxbridge Hospital	4 Campbell Drive	\N	Uxbridge	L9P 1S4	2.16.840.1.113883.3.59.1	ACTIVE
4103	LAB	Chatham Kent Health Alliance - Wallaceburg Site	325 Margaret Avenue	\N	Wallaceburg	N8A 2A7	2.16.840.1.113883.3.59.1	ACTIVE
4104	LAB	Halton Healthcare Services Corporation - Oakville site	HALTON HEALTHCARE SERVICES COR	3001 HOSPITAL GATE	OAKVILLE	L6M 0L8	2.16.840.1.113883.3.59.1	ACTIVE
4105	LAB	Hornepayne Community Hospital	278 Front Street	P.O. Box 190	Hornepayne	P0M 1Z0	2.16.840.1.113883.3.59.1	ACTIVE
4106	LAB	West Parry Sound Health Centre	6 Albert Street	\N	Parry Sound	P2A 3A4	2.16.840.1.113883.3.59.1	ACTIVE
4107	LAB	Niagara Health System - Marotta Family Hospital	1200 Fourth Ave	\N	St. Catharines	L2S 0A9	2.16.840.1.113883.3.59.1	ACTIVE
4111	LAB	William Osler Health System - Brampton Civic Hospital	2100 Bovaird Drive East	\N	Brampton	L6R 3J7	2.16.840.1.113883.3.59.1	ACTIVE
4112	LAB	South Bruce Grey Health Centre - Durham	320 College Street North	\N	Durham	N0G 1R0	2.16.840.1.113883.3.59.1	ACTIVE
4113	LAB	Wilson Memorial General Hospital	28 Peninsula Road	\N	Marathon	P0T 2E0	2.16.840.1.113883.3.59.1	ACTIVE
4115	LAB	Pembroke Regional Hospital Inc.	705 MacKay Street	\N	Pembroke	K8A 1G8	2.16.840.1.113883.3.59.1	ACTIVE
4117	LAB	Winchester District Memorial Hospital	566 Louise Street	\N	Winchester	K0C 2K0	2.16.840.1.113883.3.59.1	ACTIVE
4118	LAB	Espanola General Hospital	825 McKinnon Drive	\N	Espanola	P5E 1R4	2.16.840.1.113883.3.59.1	ACTIVE
4120	LAB	Nipigon District Memorial Hospital	125 Hogan Road	\N	Nipigon	P0T 2J0	2.16.840.1.113883.3.59.1	ACTIVE
4121	LAB	Niagara Health System - Port Colborne Complex and Urgent Care Centre	260 Sugarloaf Street	\N	Port Colborne	L3K 2N7	2.16.840.1.113883.3.59.1	ACTIVE
4122	LAB	Kingston General Hospital	76 Stuart Street	\N	Kingston	K7L 2V7	2.16.840.1.113883.3.59.1	ACTIVE
4123	LAB	Toronto East General Hospital	825 Coxwell Avenue	\N	East York	M4C 3E7	2.16.840.1.113883.3.59.1	ACTIVE
4124	LAB	Huron Perth Healthcare Alliance - Clinton Site	98 Shipley Street	\N	Clinton	N0M 1L0	2.16.840.1.113883.3.59.1	ACTIVE
4127	LAB	Huntsville District Memorial Hospital	100 Frank Miller Drive	\N	Huntsville	P1H 1H7	2.16.840.1.113883.3.59.1	ACTIVE
4128	LAB	St. Joseph's Health Care London	268 Grosvenor Street	\N	London	N6A 4V2	2.16.840.1.113883.3.59.1	ACTIVE
4131	LAB	Stevenson Memorial Hospital	200 Fletcher Crescent	\N	Alliston	L9R 1W7	2.16.840.1.113883.3.59.1	ACTIVE
4132	LAB	Baycrest Hospital	3560 Bathurst Street	\N	North York	M6A 2E1	2.16.840.1.113883.3.59.1	ACTIVE
4133	LAB	Bingham Memorial Hospital	Eighth Avenue	\N	Matheson	P0K 1N0	2.16.840.1.113883.3.59.1	ACTIVE
4134	LAB	North Wellington Health Care Corporation - Palmerston Site	500 White's Road	Box 130	Palmerston	N0G 2P0	2.16.840.1.113883.3.59.1	ACTIVE
4135	LAB	Windsor Regional Hospital - Ouellette Campus	1030 Ouellette Avenue	\N	Windsor	N9A 1E1	2.16.840.1.113883.3.59.1	ACTIVE
4137	LAB	Hamilton Health Sciences - MUMC Site	1200 Main Street West	\N	Hamilton	L8N 3Z5	2.16.840.1.113883.3.59.1	ACTIVE
4139	LAB	Quinte Health Care - Belleville Hospital	265 Dundas Street East	\N	Belleville	K8N 5A9	2.16.840.1.113883.3.59.1	ACTIVE
4140	LAB	Tillsonburg District Memorial Hospital	167 Rolph Street	\N	Tillsonburg	N4G 3Y9	2.16.840.1.113883.3.59.1	ACTIVE
4141	LAB	West Lincoln Memorial Hospital	169 Main Street East	\N	Grimsby	L3M 1P3	2.16.840.1.113883.3.59.1	ACTIVE
4142	LAB	South Bruce Grey Health Centre - Kincardine	43 Queen Street	\N	Kincardine	N2Z 2Z2	2.16.840.1.113883.3.59.1	ACTIVE
4143	LAB	Huron Perth Healthcare Alliance - St. Marys Site	267 Queen Street West	\N	St. Marys	N4X 1B6	2.16.840.1.113883.3.59.1	ACTIVE
4144	LAB	Perth & Smiths Falls District Hospital - Smiths Falls Site	60 Cornelia Street West	\N	Smiths Falls	K7A 2H9	2.16.840.1.113883.3.59.1	ACTIVE
4145	LAB	St. Joseph's Health Centre	30 The Queensway	\N	Toronto	M6R 1B5	2.16.840.1.113883.3.59.1	ACTIVE
4146	LAB	Providence Transitional Care Centre	340 Union Street	\N	Kingston	K7L 5A2	2.16.840.1.113883.3.59.1	ACTIVE
4147	LAB	Northumberland Hills Hospital	1000 DePalma Drive	\N	Cobourg	K9A 5W6	2.16.840.1.113883.3.59.1	ACTIVE
4148	LAB	Cornwall Community Hospital/Hopital communautaire de Cornwall - McConnell Site	840 McConnell Avenue	\N	Cornwall	K6H 5S5	2.16.840.1.113883.3.59.1	ACTIVE
4149	LAB	Groves Memorial Community Hospital	235 Union Street East	\N	Fergus	N1M 1W3	2.16.840.1.113883.3.59.1	ACTIVE
4150	LAB	Sensenbrenner Hospital	101 Progress Crescent	\N	Kapuskasing	P5N 3H5	2.16.840.1.113883.3.59.1	ACTIVE
4151	LAB	The Religious Hospitallers of St. Joseph of the Hotel Dieu of Kingston	166 Brock Street	\N	Kingston	K7L 5G2	2.16.840.1.113883.3.59.1	ACTIVE
4152	LAB	Listowel Memorial Hospital	255 Elizabeth Street East	\N	Listowel	N4W 2P5	2.16.840.1.113883.3.59.1	ACTIVE
4153	LAB	Grey Bruce Health Services - Markdale Site	55 Isla Street	\N	Markdale	N0C 1H0	2.16.840.1.113883.3.59.1	ACTIVE
4154	LAB	Hopital de Mattawa Hospital	PO Box 70	217 Turcotte Park Road	Mattawa	P0H 1V0	2.16.840.1.113883.3.59.1	ACTIVE
4155	LAB	Trillium Health Centre - Mississauga	100 Queensway West	\N	Mississauga	L5B 1B8	2.16.840.1.113883.3.59.1	ACTIVE
4159	LAB	The Hospital For Sick Children	555 University Avenue	\N	Toronto	M5G 1X8	2.16.840.1.113883.3.59.1	ACTIVE
4160	LAB	Brockville General Hospital	75 Charles Street	\N	Brockville	K6V 1S8	2.16.840.1.113883.3.59.1	ACTIVE
4161	LAB	Cornwall Community Hospital/Hopital communautaire de Cornwall Laboratory - Second Street Site	510 Second Street East	\N	Cornwall	K6H 1Z6	2.16.840.1.113883.3.59.1	ACTIVE
4162	LAB	The Ottawa Hospital - Civic Campus	1053 Carling Avenue	\N	Ottawa	K1Y 4E9	2.16.840.1.113883.3.59.1	ACTIVE
4163	LAB	Peterborough Regional Health Centre, Hospital Drive Site	1 Hospital Drive	\N	Peterborough	K9J 7C6	2.16.840.1.113883.3.59.1	ACTIVE
4164	LAB	The Princess Margaret Hospital	610 University Avenue	Room 4-302	Toronto	M5G 2M9	2.16.840.1.113883.3.59.1	ACTIVE
4166	LAB	West Nipissing General Hospital	725 Coursol Road	\N	Sturgeon Falls	P2B 2Y6	2.16.840.1.113883.3.59.1	ACTIVE
4167	LAB	Trillium Health Centre - West Toronto	150 Sherway Drive	\N	Etobicoke	M9C 1A5	2.16.840.1.113883.3.59.1	ACTIVE
4168	LAB	Lakeridge Health Bowmanville	47 Liberty Street South	\N	Bowmanville	L1C 2N4	2.16.840.1.113883.3.59.1	ACTIVE
4169	LAB	Cambridge Memorial Hospital	700 Coronation Boulevard	\N	Cambridge	N1R 3G2	2.16.840.1.113883.3.59.1	ACTIVE
4170	LAB	Notre-Dame Hospital	1405 Edward Street	\N	Hearst	P0L 1N0	2.16.840.1.113883.3.59.1	ACTIVE
4172	LAB	Orillia Soldiers' Memorial Hospital	170 Colborne Street West	\N	Orillia	L3V 2Z3	2.16.840.1.113883.3.59.1	ACTIVE
4173	LAB	Humber River Regional Hospital - Finch Avenue Site	2111 Finch Avenue West	\N	North York	M3N 1N1	2.16.840.1.113883.3.59.1	ACTIVE
4174	LAB	Grey Bruce Health Services - Bruce Peninsula Site	369 Mary Street	\N	Wiarton	N0H 2T0	2.16.840.1.113883.3.59.1	ACTIVE
4176	LAB	Anson General Hospital	58 Anson Drive	\N	Iroquois Falls	P0K 1E0	2.16.840.1.113883.3.59.1	ACTIVE
4179	LAB	Royal Victoria Hospital Laboratory	201 Georgian Drive	\N	Barrie	L4M 6M2	2.16.840.1.113883.3.59.1	ACTIVE
4180	LAB	Hamilton Health Sciences - Hamilton General Site	237 Barton Street East	\N	Hamilton	L8L 2X2	2.16.840.1.113883.3.59.1	ACTIVE
4181	LAB	Juravinski Hospital and Cancer Centre	711 Concession Street	\N	Hamilton	L8V 1C3	2.16.840.1.113883.3.59.1	ACTIVE
4182	LAB	London Health Sciences Centre - University Hospital	339 Windermere Road	\N	London	N6A 5A5	2.16.840.1.113883.3.59.1	ACTIVE
4184	LAB	Wingham & District Hospital	270 Carling Terrace	\N	Wingham	N0G 2W0	2.16.840.1.113883.3.59.1	ACTIVE
4185	LAB	London Health Sciences Centre - South Street Hospital	375 South Street	\N	London	N6A 4G5	2.16.840.1.113883.3.59.1	ACTIVE
4186	LAB	Campbellford Memorial Hospital	146 Oliver Road	\N	Campbellford	K0L 1L0	2.16.840.1.113883.3.59.1	ACTIVE
4187	LAB	West Haldimand General Hospital	75 Parkview Road	\N	Hagersville	N0A 1H0	2.16.840.1.113883.3.59.1	ACTIVE
4188	LAB	Ongwanada Laboratory	191 Portsmouth Avenue	\N	Kingston	K7M 8A6	2.16.840.1.113883.3.59.1	ACTIVE
4189	LAB	Manitouwadge General Hospital	Manitou Road	\N	Manitouwadge	P0T 2C0	2.16.840.1.113883.3.59.1	ACTIVE
4190	LAB	Renfrew Victoria Hospital	499 Raglan Street North	\N	Renfrew	K7V 1P6	2.16.840.1.113883.3.59.1	ACTIVE
4192	LAB	Smooth Rock Falls Hospital	107 Kelly Road	\N	Smooth Rock Falls	P0L 2B0	2.16.840.1.113883.3.59.1	ACTIVE
4194	LAB	Mount Sinai Hospital	600 University Avenue	\N	Toronto	M5G 1X5	2.16.840.1.113883.3.59.1	ACTIVE
4197	LAB	Toronto Western Hospital	399 Bathurst Street	\N	Toronto	M5T 2S8	2.16.840.1.113883.3.59.1	ACTIVE
4199	LAB	South Bruce Grey Health Centre - Chesley	39-2nd Street South East	\N	Chesley	N0G 1L0	2.16.840.1.113883.3.59.1	ACTIVE
4200	LAB	Hanover and District Hospital Laboratory	90-7th Avenue	\N	Hanover	N4N 1N1	2.16.840.1.113883.3.59.1	ACTIVE
4202	LAB	Hopital Montfort	713 Montreal Road	\N	Ottawa	K1K 0T2	2.16.840.1.113883.3.59.1	ACTIVE
4203	LAB	South Bruce Grey Health Centre - Walkerton	21 McGivern Street	\N	Walkerton	N0G 2V0	2.16.840.1.113883.3.59.1	ACTIVE
4204	LAB	Toronto General Hospital	200 Elizabeth Street	\N	Toronto	M5G 2C4	2.16.840.1.113883.3.59.1	ACTIVE
4205	LAB	Lady Dunn Health Centre	17 Government Road	P.O. Box 179	Wawa	P0S 1K0	2.16.840.1.113883.3.59.1	ACTIVE
4206	LAB	Hopital General de Hawkesbury and District General Hospital Inc.	1111 Ghislain Street	\N	Hawkesbury	K6A 3G5	2.16.840.1.113883.3.59.1	ACTIVE
4207	LAB	William Osler Health System - Etobicoke General Hospital	101 Humber College Blvd.	\N	Etobicoke	M9V 1R8	2.16.840.1.113883.3.59.1	ACTIVE
4208	LAB	Niagara Health System - Fort Erie Complex and Urgent Care Centre	230 Bertie Street	\N	Fort Erie	L2A 1Z2	2.16.840.1.113883.3.59.1	ACTIVE
4209	LAB	Mackenzie Health - CVH	3200 Major Mackenzie Drive W.	\N	Vaughan	L6A 5A9	2.16.840.1.113883.3.59.1	ACTIVE
4214	LAB	The McCausland Hospital	20B Cartier Drive	\N	Terrace Bay	P0T 2W0	2.16.840.1.113883.3.59.1	ACTIVE
4220	LAB	Canadian Blood Services	100 Parkshore Drive	\N	Brampton	L6T 5M1	2.16.840.1.113883.3.59.1	ACTIVE
4224	LAB	Homewood Health Centre, Guelph	150 Delhi Street	\N	Guelph	N1E 6K9	2.16.840.1.113883.3.59.1	ACTIVE
4225	LAB	Chapleau General Hospital	Box 757	(Broomhead Road)	Chapleau	P0M 1K0	2.16.840.1.113883.3.59.1	ACTIVE
4231	LAB	Mackenzie Richmond Hill Hospital	10 Trench Street	\N	Richmond Hill	L4C 4Z3	2.16.840.1.113883.3.59.1	ACTIVE
4232	LAB	Children's Hospital of Eastern Ontario	401 Smyth Road	\N	Ottawa	K1H 8L1	2.16.840.1.113883.3.59.1	ACTIVE
4235	LAB	Health Sciences North	41 Ramsey Lake Road	\N	Sudbury	P3E 5J1	2.16.840.1.113883.3.59.1	ACTIVE
4236	LAB	Queensway-Carleton Hospital Laboratory	3045 Baseline Road	\N	Ottawa	K2H 8P4	2.16.840.1.113883.3.59.1	ACTIVE
4237	LAB	Almonte General Hospital	75 Spring Street	\N	Almonte	K0A 1A0	2.16.840.1.113883.3.59.1	ACTIVE
4238	LAB	Valley Laboratory Program - Kemptville	Kemptville District Hospital	Concession Road	Kemptville	K0G 1J0	2.16.840.1.113883.3.59.1	ACTIVE
4239	LAB	Perth & Smiths Falls District Hospital -  Perth Site	33 Drummond Street	\N	Perth	K7H 2K1	2.16.840.1.113883.3.59.1	ACTIVE
4240	LAB	Valley Laboratory Program - Arnprior Site	Arnprior & District Memorial Hospital	350 John Street	Arnprior	K7S 3H4	2.16.840.1.113883.3.59.1	ACTIVE
4241	LAB	Valley Laboratory Program - Carleton Place	Carleton Place and District Memorial Hospital	211 Lake Avenue East	Carleton Place	K7C 1J4	2.16.840.1.113883.3.59.1	ACTIVE
4242	LAB	Red Lake Margaret Cochenour Memorial Hospital	105 Howey Street	\N	Red Lake	P0V 2M0	2.16.840.1.113883.3.59.1	ACTIVE
4245	LAB	London Health Sciences Centre - Victoria Hospital	800 Commissioners Road East	Westminster Campus	London	N6A 4G5	2.16.840.1.113883.3.59.1	ACTIVE
4248	LAB	Faculty of Dentistry, Oral Pathology Laboratory	124 Edward Street	\N	Toronto	M5G 1G6	2.16.840.1.113883.3.59.1	ACTIVE
4249	LAB	The Ottawa Hospital - General Site	501 Smyth Road	\N	Ottawa	K1H 8L6	2.16.840.1.113883.3.59.1	ACTIVE
4250	LAB	Weeneebayko General Hospital	19 Hospital Drive, P.O. Box 34	\N	Moose Factory	P0L 1W0	2.16.840.1.113883.3.59.1	ACTIVE
4252	LAB	Sunnybrook Health Sciences Centre - Holland Orthopaedic and Arthritic Site	43 Wellesley Street East	\N	Toronto	M4Y 1H1	2.16.840.1.113883.3.59.1	ACTIVE
4253	LAB	The Credit Valley Hospital	2200 Eglinton Avenue West	\N	Mississauga	L5M 2N1	2.16.840.1.113883.3.59.1	ACTIVE
4254	LAB	Scarborough and Rouge Hospital - Birchmount Site	3030 Birchmount Road	\N	Scarborough	M1W 3W3	2.16.840.1.113883.3.59.1	ACTIVE
4257	LAB	Oak Valley Health - Markham Stouffville Hospital	381 Church Street	P.O. Box 1800	Markham	L3P 7P3	2.16.840.1.113883.3.59.1	ACTIVE
4259	LAB	St. Joseph's Centre for Ambulatory Health Services	2757 King Street East	\N	Hamilton	L8G 5E4	2.16.840.1.113883.3.59.1	ACTIVE
4260	LAB	Timmins and District Hospital	700 Ross Avenue East	\N	Timmins	P4N 8P2	2.16.840.1.113883.3.59.1	ACTIVE
4261	LAB	The Toronto Hospital Regional Histocompatibility Laboratory	67 College Street, Room 301	\N	Toronto	M5T 2S8	2.16.840.1.113883.3.59.1	ACTIVE
4263	LAB	Canadian Blood Services	1800 Alta Vista Drive	\N	Ottawa	K1G 4J5	2.16.840.1.113883.3.59.1	ACTIVE
4264	LAB	Shared Hospital Laboratory Inc.	2075 Bayview Avenue	HB Lab	Toronto	M4N 3N5	2.16.840.1.113883.3.59.1	ACTIVE
4266	LAB	Centre for Addiction and Mental Health	1001 Queen Street West	\N	Toronto	M6J 1H4	2.16.840.1.113883.3.59.1	ACTIVE
4267	LAB	Sunnybrook Health Sciences Centre Laboratory	2075 Bayview Avenue	\N	North York	M4N 3M5	2.16.840.1.113883.3.59.1	ACTIVE
4268	LAB	London Health Sciences Centre (Biochemical Genetics Laboratory)	600 Sanitorium Road	\N	London	N6H 3W7	2.16.840.1.113883.3.59.1	ACTIVE
4269	LAB	Public Health Laboratory - Toronto	661 University Ave	Suite 1701	Toronto	M5G 1M1	2.16.840.1.113883.3.59.1	ACTIVE
4270	LAB	Public Health Laboratory - Kingston	181 Barrie Street	\N	Kingston	K7L 3K2	2.16.840.1.113883.3.59.1	ACTIVE
4271	LAB	Public Health Laboratory - London	1200 Commissioners Road East	Unit 102	London	N5Z 5B6	2.16.840.1.113883.3.59.1	ACTIVE
4272	LAB	Public Health Laboratory - Orillia	750 Memorial Avenue	\N	Orillia	L3V 6K5	2.16.840.1.113883.3.59.1	ACTIVE
4273	LAB	Public Health Laboratory - Ottawa	2380 St. Laurent Boulevard	\N	Ottawa	K1G 6C4	2.16.840.1.113883.3.59.1	ACTIVE
4274	LAB	Public Health Laboratory - Peterborough	99 Hospital Drive	\N	Peterborough	K9J 6Y8	2.16.840.1.113883.3.59.1	ACTIVE
4275	LAB	Public Health Laboratory - Sault Ste. Marie	160 McDougald Street	\N	Sault Ste. Marie	P6A 3A8	2.16.840.1.113883.3.59.1	ACTIVE
4276	LAB	Public Health Laboratory - Thunder Bay	336 South Syndicate Avenue	\N	Thunder Bay	P7E 1E3	2.16.840.1.113883.3.59.1	ACTIVE
4277	LAB	Public Health Laboratory - Timmins	67 Wilson Avenue	\N	Timmins	P4N 2S5	2.16.840.1.113883.3.59.1	ACTIVE
4278	LAB	Public Health Laboratory - Hamilton	250 Fennell Avenue West	\N	Hamilton	L8N 3R5	2.16.840.1.113883.3.59.1	ACTIVE
4280	LAB	Public Health Laboratory - Sudbury	1300 Paris Street	Suite 2	Sudbury	P3E 6H3	2.16.840.1.113883.3.59.1	ACTIVE
4281	LAB	Hamilton Health Sciences - Chedoke Hospital Site	Sanatorium Road	\N	Hamilton	L8S 4J9	2.16.840.1.113883.3.59.1	ACTIVE
4282	LAB	Newborn Screening Ontario	415 Smyth Rd.	\N	Ottawa	K1H 8M8	2.16.840.1.113883.3.59.1	ACTIVE
4283	LAB	William Osler Health System - Peel Memorial Centre for Integrated Health and Wellness	20 Lynch Street	\N	Brampton	L6W 2Z8	2.16.840.1.113883.3.59.1	ACTIVE
4286	LAB	Women's College Hospital	76 Grenville Street	\N	Toronto	M5S 1B2	2.16.840.1.113883.3.59.1	ACTIVE
5000	LAB	OLIS BSD	415 Yonge Street	\N	Toronto	M5B 2E7	2.16.840.1.113883.3.59.1	ACTIVE
5011	LAB	BSD Lab11	5011 Ficititous Facility Address Line One	5011 Ficititous Line Two	Toronto	M6P 2M4	2.16.840.1.113883.3.59.1	ACTIVE
5012	LAB	BSD Lab12	5012 Ficititous Facility Address Line One	5012 Ficititous Line Two	Mississauga	L4N 7P3	2.16.840.1.113883.3.59.1	ACTIVE
5013	LAB	BSD Lab13	5013 Ficititous Facility Address Line One	5013 Ficititous Line Two	Burlington	L8M 4T1	2.16.840.1.113883.3.59.1	ACTIVE
5014	LAB	BSD Lab14	5014 Ficititous Facility Address Line One	5014 Ficititous Line Two	Toronto	M3P 2B4	2.16.840.1.113883.3.59.1	ACTIVE
5015	LAB	BSD Lab15	5015 Ficititous Facility Address Line One	5015 Ficititous Line Two	Toronto	M2W 1L4	2.16.840.1.113883.3.59.1	ACTIVE
5016	LAB	BSD Lab16	5016 Ficititous Facility Address Line One	5016 Ficititous Line Two	Peterborough	K4J 6N8	2.16.840.1.113883.3.59.1	ACTIVE
5019	LAB	BSD Lab19	5019 Ficititous Facility Address Line One	5019 Ficititous Line Two	Toronto	M9Q 7E4	2.16.840.1.113883.3.59.1	ACTIVE
5020	LAB	BSD Lab20	5020 Ficititous Facility Address Line One	5020 Ficititous Line Two	Toronto	M1A 7A5	2.16.840.1.113883.3.59.1	ACTIVE
5025	LAB	FACILITY COMMUNITY (PRIVATE) LABORATORY NAME	5025 Ficititous Facility Address Line One	5025 Ficititous Line Two	Burlington	L7M 4Y1	2.16.840.1.113883.3.59.1	ACTIVE
5038	LAB	DC Diagnostics - Mississauga	5038 Ficititous Facility Address Line One	5038 Ficititous Line Two	Burlington	L7M 4Y1	2.16.840.1.113883.3.59.1	ACTIVE
5074	LAB	Bio-Test Laboratory Incorporated	168 Charlotte Street	Suite 100	Ottawa	K1N 8K6	2.16.840.1.113883.3.59.1	ACTIVE
5087	LAB	LifeLabs	1265 East Arthur Street	Suite 400, 402, 405, 406	Thunder Bay	P7E 6E7	2.16.840.1.113883.3.59.1	ACTIVE
5093	LAB	Medical Laboratories of Windsor - Main Branch	1428 Ouellette Avenue	Suite 310	Windsor	N8X 1K4	2.16.840.1.113883.3.59.1	ACTIVE
5155	LAB	Gamma-Dynacare Medical Laboratories	230 Lakeshore Road East	Suite 330	Mississauga	L5G 1G7	2.16.840.1.113883.3.59.1	ACTIVE
5157	LAB	Gamma-Dynacare Medical Laboratories	31 Nova Scotia Walk	\N	Elliot Lake	P5A 1Y9	2.16.840.1.113883.3.59.1	ACTIVE
5217	LAB	Reese Nuclear Medicine Laboratory	268 Grosvenor Street	Room B4-056	London	N6A 4V2	2.16.840.1.113883.3.59.1	ACTIVE
5241	LAB	Bio-Science Laboratory - Ontario - Limited	700 Tecumseh Road East	Suite 8	Windsor	N8X 4T2	2.16.840.1.113883.3.59.1	ACTIVE
5254	LAB	Alpha Laboratories Incorporated	1262 Don Mills Road	\N	North York	M3B 2W7	2.16.840.1.113883.3.59.1	ACTIVE
5281	LAB	LifeLabs	1919 Riverside Drive	Suite 105	Ottawa	K1H 1A2	2.16.840.1.113883.3.59.1	ACTIVE
5284	LAB	Med-Health Laboratories Limited	1216 Lawrence Avenue West	\N	Toronto	M6A 1E2	2.16.840.1.113883.3.59.1	ACTIVE
5321	LAB	Intercounty Laboratories Limited	1100 Sheppard Avenue East	Suite 108	North York	M2K 2W1	2.16.840.1.113883.3.59.1	ACTIVE
5368	LAB	Oshawa Clinic Laboratory	117 King Street East	\N	Oshawa	L1H 1B9	2.16.840.1.113883.3.59.1	ACTIVE
5407	LAB	LifeLabs	6560 Kennedy Road	\N	Mississauga	L5T 2X4	2.16.840.1.113883.3.59.1	ACTIVE
5521	LAB	LifeLabs	1100 Sheppard Avenue East	\N	North York	M2K 2W1	2.16.840.1.113883.3.59.1	ACTIVE
5541	LAB	Gamma-Dynacare Medical Laboratories	1100 Bennett Road	\N	Bowmanville	L1C 3K5	2.16.840.1.113883.3.59.1	ACTIVE
5542	LAB	Gamma-Dynacare Medical Laboratories	750 Peter Morand Crescent	\N	Ottawa	K1G 6S4	2.16.840.1.113883.3.59.1	ACTIVE
5552	LAB	Gamma-Dynacare Medical Laboratories	115 Midair Court	\N	Brampton	L6T 5M3	2.16.840.1.113883.3.59.1	ACTIVE
5590	LAB	Gamma-Dynacare Medical Laboratories	245 Pall Mall Street	\N	London	N6A 1P4	2.16.840.1.113883.3.59.1	ACTIVE
5623	LAB	LifeLabs	65 Larch Street	\N	Sudbury	P3E 1B8	2.16.840.1.113883.3.59.1	ACTIVE
5629	LAB	LifeLabs	1371 Neilson Road	Suite 102	Scarborough	M1B 4Z8	2.16.840.1.113883.3.59.1	ACTIVE
5639	LAB	LifeLabs	746 Baseline Road East	\N	London	N6C 5Z2	2.16.840.1.113883.3.59.1	ACTIVE
5651	LAB	LifeLabs	51 Adam Street	\N	Belleville	K8N 5K3	2.16.840.1.113883.3.59.1	ACTIVE
5655	LAB	LifeLabs	3460 Schmon Parkway	\N	Thorold	L2V 4Y6	2.16.840.1.113883.3.59.1	ACTIVE
5656	LAB	LifeLabs	800 Princess Street	Suites B1,B4,B5	Kingston	K7L 5E4	2.16.840.1.113883.3.59.1	ACTIVE
5667	LAB	LifeLabs	181 Commissioners Road West	\N	London	N6J 1X3	2.16.840.1.113883.3.59.1	ACTIVE
5675	LAB	LifeLabs	1220 Promenade Place D'Orleans Drive	\N	Gloucester	K1C 2L9	2.16.840.1.113883.3.59.1	ACTIVE
5687	LAB	LifeLabs	100 International Blvd.	\N	Etobicoke	M9W 6J6	2.16.840.1.113883.3.59.1	ACTIVE
5697	LAB	Med-Chem Health Care Limited	8150 Sheppard Avenue East	\N	Scarborough	M1B 5K2	2.16.840.1.113883.3.59.1	ACTIVE
5702	LAB	LifeLabs	751 Victoria Street South	\N	Kitchener	N2M 5N4	2.16.840.1.113883.3.59.1	ACTIVE
5710	LAB	Gamma-Dynacare Medical Laboratories	26 Hospital Drive	\N	Peterborough	K9J 7C3	2.16.840.1.113883.3.59.1	ACTIVE
5724	LAB	Gamma-Dynacare Medical Laboratories	10 Unionville Gate	Suites 203 & 302	Markham	L3R 0W7	2.16.840.1.113883.3.59.1	ACTIVE
5727	LAB	Gamma-Dynacare Medical Laboratories	1849 Yonge Street	Suite 11	Toronto	M4S 1Y2	2.16.840.1.113883.3.59.1	ACTIVE
5737	LAB	Oakville Cytology Service	358 Reynolds Street	Suite B-1	Oakville	L6J 3L9	2.16.840.1.113883.3.59.1	ACTIVE
5742	LAB	Gamma-Dynacare Medical Laboratories	190 Wellington Street	\N	Kingston	K7L 3E4	2.16.840.1.113883.3.59.1	ACTIVE
5743	LAB	Gamma-Dynacare Medical Laboratories	123 Edward Street	\N	Toronto	M5G 1G6	2.16.840.1.113883.3.59.1	ACTIVE
5762	LAB	Gamma-Dynacare Medical Laboratories	8 Taylor Road	\N	Bracebridge	P1L 1S6	2.16.840.1.113883.3.59.1	ACTIVE
5764	LAB	Gamma-Dynacare Medical Laboratories	2951 Walkers Line	\N	Burlington	L7M 4Y1	2.16.840.1.113883.3.59.1	ACTIVE
5774	LAB	Eglinton Medical Laboratory	4040 Finch Avenue East	Suite LL5	Scarborough	M1S 4V5	2.16.840.1.113883.3.59.1	ACTIVE
5797	LAB	Flow Health Services Incorporated	65 Kenneth Avenue	\N	Oshawa	L1G 5N3	2.16.840.1.113883.3.59.1	ACTIVE
5800	LAB	In-Common Laboratories	57 Gervais Drive	\N	North York	M3C 1Z2	2.16.840.1.113883.3.59.1	ACTIVE
5806	LAB	LifeLabs	175 Galaxy Boulevard	\N	Toronto	M9W 0C9	2.16.840.1.113883.3.59.1	ACTIVE
5808	LAB	LifeLabs	358 Reynolds Street	\N	Oakville	L6J 3L9	2.16.840.1.113883.3.59.1	ACTIVE
5810	LAB	NEOMO VALE GLENCORE Mobile Laboratory	885 Prete Street	\N	Sudbury	P3E 3X9	2.16.840.1.113883.3.59.1	ACTIVE
5811	LAB	Multiplex Genomics - Gordon Site	593 Gordon Street	\N	Guelph	N1G 1Y2	2.16.840.1.113883.3.59.1	ACTIVE
5812	LAB	Multiplex Genomics - Hanlon Site	574 Hanlon Creek Blvd	\N	Guelph	N1C 0A1	2.16.840.1.113883.3.59.1	ACTIVE
5813	LAB	emDx, a division of Entomogen Inc.	140 Welland Avenue	\N	St. Catharines	L2R 6P7	2.16.840.1.113883.3.59.1	ACTIVE
5814	LAB	Norgen Biotek Corp.	3430 Schmon Parkway	\N	Thorold	L2V 4Y6	2.16.840.1.113883.3.59.1	ACTIVE
5815	LAB	The Research Institute of Saint Joe's Hamilton	50 Charlton Avenue East	3/F St. Luke's Wing	Hamilton	L8G 5E4	2.16.840.1.113883.3.59.1	ACTIVE
5816	LAB	University of Guelph	50 Stone Road	Buildings 49 and 89	Guelph	N1E 7C6	2.16.840.1.113883.3.59.1	ACTIVE
5825	LAB	FH Health	239 Queen Street East	Unit 24	Brampton	L6V 1C2	2.16.840.1.113883.3.59.1	ACTIVE
5827	LAB	Bio-Test Laboratory Incorporated	6299 Airport Road	Suite 100	Mississauga	L4V 1N3	2.16.840.1.113883.3.59.1	ACTIVE
5828	LAB	Virotek Laboratories	570 Hood Road	Unit 21	Markham	L3R 4G7	2.16.840.1.113883.3.59.1	ACTIVE
5831	LAB	HQ Health Hub	790 Bay Street	Suite 820	Toronto	M5G 1N8	2.16.840.1.113883.3.59.1	ACTIVE
5834	LAB	Flow Health Services Incorporated	955 Green Valley Crescent	Suite 200 Room 233	Ottawa	K2C 3V4	2.16.840.1.113883.3.59.1	ACTIVE
5900	LAB	Newborn Screening Ontario	Children's Hospital of Eastern Ontario	401 Smyth Road,room 3127A	Ottawa	K1H 8L1	2.16.840.1.113883.3.59.1	ACTIVE
6999	LAB	Mobile Popup Assessment Network	701-777 Bay St	\N	Toronto	M5G 2C8	2.16.840.1.113883.3.59.1	ACTIVE
9021	LAB	This lab name as 255 characters 1298329817591759321749837459237549237918901238401840218054812035829354719238102851903501akds34q7q3iu54op375439x8d943q59ox3j98ew75vcoqi3xh832475v2354x432759028]kjrdsoirqutoeiwqutioweuriowutrituwkshfaskhfaslfklashfkashfsak;	9021 Ficititous Facility Address Line One	9021 Ficititous Line Two	London	N5Y 1A4	2.16.840.1.113883.3.59.1	ACTIVE
9203	LAB	CPRI (Child and Parent Resource Institute) - Biochemical Genetics Laboratory	600 Sanatorium Road	\N	London	N6H 3W7	2.16.840.1.113883.3.59.1	ACTIVE
991	LAB	OLIS Lab1	LAB01 Facility Address Line One	\N	Mississauga	L4N 7P3	2.16.840.1.113883.3.59.1	ACTIVE
992	LAB	OLIS Lab2	LAB01 Facility Address Line One	\N	Mississauga	L4N 7P3	2.16.840.1.113883.3.59.1	ACTIVE
993	LAB	OLIS Lab3	LAB01 Facility Address Line One	\N	Mississauga	L4N 7P3	2.16.840.1.113883.3.59.1	ACTIVE
994	LAB	OLIS Lab4	LAB01 Facility Address Line One	\N	Mississauga	L4N 7P3	2.16.840.1.113883.3.59.1	ACTIVE
995	LAB	OLIS Lab5	LAB01 Facility Address Line One	\N	Mississauga	L4N 7P3	2.16.840.1.113883.3.59.1	ACTIVE
CBA2	SCC	AC-Lakeridge Health - Oshawa	\N	\N	\N	\N	2.16.840.1.113883.3.59.2	ACTIVE
CBA3	SCC	AC-Lakeridge Health - LHAP Site	\N	\N	\N	\N	2.16.840.1.113883.3.59.2	ACTIVE
CBA4	SCC	AC-Northumberland Hills Hospital	\N	\N	\N	\N	2.16.840.1.113883.3.59.2	ACTIVE
CBA5	SCC	AC-Perth and Smiths Falls District Hospital - Smiths Falls Site	\N	\N	\N	\N	2.16.840.1.113883.3.59.2	ACTIVE
CBA6	SCC	AC-Peterborough Regional Health Centre	\N	\N	\N	\N	2.16.840.1.113883.3.59.2	ACTIVE
CBA7	SCC	AC-Queensway Carleton Hospital	\N	\N	\N	\N	2.16.840.1.113883.3.59.2	ACTIVE
CBA8	SCC	AC-Arnprior / Renfrew County Virtual Triage and Assessment Centre	\N	\N	\N	\N	2.16.840.1.113883.3.59.2	ACTIVE
CBA9	SCC	AC-Ross Memorial Hospital	\N	\N	\N	\N	2.16.840.1.113883.3.59.2	ACTIVE
CBAA	SCC	AC-Collingwood General & Marine Hospital	\N	\N	\N	\N	2.16.840.1.113883.3.59.2	ACTIVE
CBAB	SCC	AC-Georgian Bay General Hospital	\N	\N	\N	\N	2.16.840.1.113883.3.59.2	ACTIVE
CBAC	SCC	AC-Halton Healthcare Services - Georgetown	\N	\N	\N	\N	2.16.840.1.113883.3.59.2	ACTIVE
CBAD	SCC	AC-Halton Healthcare Services - Milton	\N	\N	\N	\N	2.16.840.1.113883.3.59.2	ACTIVE
CBAE	SCC	AC-Halton Healthcare Services - Oakville	\N	\N	\N	\N	2.16.840.1.113883.3.59.2	ACTIVE
CBAF	SCC	AC-Headwaters Health Care Centre	\N	\N	\N	\N	2.16.840.1.113883.3.59.2	ACTIVE
CBAG	SCC	AC-MacKenzie Health	\N	\N	\N	\N	2.16.840.1.113883.3.59.2	ACTIVE
CBAH	SCC	AC-Markham Stouffville Hospital	\N	\N	\N	\N	2.16.840.1.113883.3.59.2	ACTIVE
CBAJ	SCC	AC-Muskoka Algonquin Healthcare - Huntsville	\N	\N	\N	\N	2.16.840.1.113883.3.59.2	ACTIVE
CBAK	SCC	AC-Muskoka Algonquin Healthcare - Bracebridge	\N	\N	\N	\N	2.16.840.1.113883.3.59.2	ACTIVE
CBAL	SCC	AC-Orillia Soldiers' Memorial Hospital	\N	\N	\N	\N	2.16.840.1.113883.3.59.2	ACTIVE
CBAM	SCC	AC-Barrie Community Health Centre	\N	\N	\N	\N	2.16.840.1.113883.3.59.2	ACTIVE
CBAN	SCC	AC-Southlake Regional Health Centre	\N	\N	\N	\N	2.16.840.1.113883.3.59.2	ACTIVE
CBAP	SCC	AC-Stevenson Memorial Hospital	\N	\N	\N	\N	2.16.840.1.113883.3.59.2	ACTIVE
CBAQ	SCC	AC-Trillium Health Partners - Clin Admin Bldg	\N	\N	\N	\N	2.16.840.1.113883.3.59.2	ACTIVE
CBAR	SCC	AC-Mackenzie Health - Vaughan	\N	\N	\N	\N	2.16.840.1.113883.3.59.2	ACTIVE
CBAT	SCC	AC-William Osler Health System - Humber	\N	\N	\N	\N	2.16.840.1.113883.3.59.2	ACTIVE
CBAU	SCC	AC-William Osler Health System - Brampton (Drive-thru)	\N	\N	\N	\N	2.16.840.1.113883.3.59.2	ACTIVE
CBAV	SCC	AC-Royal Victoria Regional Health Centre - COVID-19 Testing Centre	\N	\N	\N	\N	2.16.840.1.113883.3.59.2	ACTIVE
CBAX	SCC	AC-Brockville General Hospital	\N	\N	\N	\N	2.16.840.1.113883.3.59.2	ACTIVE
CBAY	SCC	AC-Hawkesbury and District General Hospital	\N	\N	\N	\N	2.16.840.1.113883.3.59.2	ACTIVE
CBB2	SCC	AC-Clarington COVID-19 Assessment Centre	\N	\N	\N	\N	2.16.840.1.113883.3.59.2	ACTIVE
CBB3	SCC	AC-Mattawa Hospital	\N	\N	\N	\N	2.16.840.1.113883.3.59.2	ACTIVE
CBB4	SCC	AC-MICs Group - Anson General Hospital site	\N	\N	\N	\N	2.16.840.1.113883.3.59.2	ACTIVE
CBB5	SCC	AC-Cobden / Renfrew County Virtual Triage & Assessment Centre	\N	\N	\N	\N	2.16.840.1.113883.3.59.2	ACTIVE
CBB6	SCC	AC-MICs Group - The Lady Minto Hospital/Boy Scout Hall	\N	\N	\N	\N	2.16.840.1.113883.3.59.2	ACTIVE
CBB7	SCC	AC-Nipigon District Memorial Hospital	\N	\N	\N	\N	2.16.840.1.113883.3.59.2	ACTIVE
CBB8	SCC	AC-North Bay Regional Health Centre	\N	\N	\N	\N	2.16.840.1.113883.3.59.2	ACTIVE
CBB9	SCC	AC-North of Superior Health Group - Marathon (Wilson site)	\N	\N	\N	\N	2.16.840.1.113883.3.59.2	ACTIVE
CBBA	SCC	AC-The Ottawa Hospital	\N	\N	\N	\N	2.16.840.1.113883.3.59.2	ACTIVE
CBBB	SCC	AC-Trent Hills	\N	\N	\N	\N	2.16.840.1.113883.3.59.2	ACTIVE
CBBC	SCC	AC-Montfort Hospital	\N	\N	\N	\N	2.16.840.1.113883.3.59.2	ACTIVE
CBBD	SCC	AC-Barry's Bay - Renfrew County Virtual Triage & Assessment Centre	\N	\N	\N	\N	2.16.840.1.113883.3.59.2	ACTIVE
CBBE	SCC	AC-Hawkesbury General Hospital	\N	\N	\N	\N	2.16.840.1.113883.3.59.2	ACTIVE
CBBF	SCC	AC-Akwesasne	\N	\N	\N	\N	2.16.840.1.113883.3.59.2	ACTIVE
CBBG	SCC	AC-Bancroft	\N	\N	\N	\N	2.16.840.1.113883.3.59.2	ACTIVE
CBBH	SCC	AC-Atikokan Family Health Team	\N	\N	\N	\N	2.16.840.1.113883.3.59.2	ACTIVE
CBBJ	SCC	AC-Chapleau Health Services	\N	\N	\N	\N	2.16.840.1.113883.3.59.2	ACTIVE
CBBK	SCC	AC-City of Greater Sudbury EMS	\N	\N	\N	\N	2.16.840.1.113883.3.59.2	ACTIVE
CBBL	SCC	AC-Dryden COVID-19 Assessment Centre	\N	\N	\N	\N	2.16.840.1.113883.3.59.2	ACTIVE
CBBM	SCC	AC-Elliot Lake Family Health Team	\N	\N	\N	\N	2.16.840.1.113883.3.59.2	ACTIVE
CBBN	SCC	AC-Englehart District Hospital	\N	\N	\N	\N	2.16.840.1.113883.3.59.2	ACTIVE
CBBP	SCC	AC-Espanola Regional Hospital and Health Centre	\N	\N	\N	\N	2.16.840.1.113883.3.59.2	ACTIVE
CBBQ	SCC	AC-Geraldton District Hospital	\N	\N	\N	\N	2.16.840.1.113883.3.59.2	ACTIVE
CBBR	SCC	AC-Health Sciences North - HSNRI Site	\N	\N	\N	\N	2.16.840.1.113883.3.59.2	ACTIVE
CBBT	SCC	AC-Health Sciences North - Primacy Site	\N	\N	\N	\N	2.16.840.1.113883.3.59.2	ACTIVE
CBBU	SCC	AC-Hornepayne Community Hospital	\N	\N	\N	\N	2.16.840.1.113883.3.59.2	ACTIVE
CBBV	SCC	AC-Kirkland District Hospital	\N	\N	\N	\N	2.16.840.1.113883.3.59.2	ACTIVE
CBBW	SCC	AC-Lady Dunn Health Centre	\N	\N	\N	\N	2.16.840.1.113883.3.59.2	ACTIVE
CBBX	SCC	AC-Lake of the Woods District Hospital	\N	\N	\N	\N	2.16.840.1.113883.3.59.2	ACTIVE
CBBY	SCC	AC-LaVerendrye General Hospital and Riverside Health Care	\N	\N	\N	\N	2.16.840.1.113883.3.59.2	ACTIVE
CBC2	SCC	AC-Deep River / Renfrew County Virtual Triage & Assessment Centre	\N	\N	\N	\N	2.16.840.1.113883.3.59.2	ACTIVE
CBC3	SCC	AC-North York General Hospital - Branson Site	\N	\N	\N	\N	2.16.840.1.113883.3.59.2	ACTIVE
CBC4	SCC	AC-Scarborough Health Network - Birchmount Site	\N	\N	\N	\N	2.16.840.1.113883.3.59.2	ACTIVE
CBC5	SCC	AC-Scarborough Health Network Centenary Site	\N	\N	\N	\N	2.16.840.1.113883.3.59.2	ACTIVE
CBC6	SCC	AC-Mount Sinai Health	\N	\N	\N	\N	2.16.840.1.113883.3.59.2	ACTIVE
CBC7	SCC	AC-Unity - St. Joseph's Health Centre	\N	\N	\N	\N	2.16.840.1.113883.3.59.2	ACTIVE
CBC8	SCC	AC-Unity - St. Michael's Hospital Site	\N	\N	\N	\N	2.16.840.1.113883.3.59.2	ACTIVE
CBC9	SCC	AC-UHN - Toronto Western Hospital	\N	\N	\N	\N	2.16.840.1.113883.3.59.2	ACTIVE
CBCA	SCC	AC-North of Superior Health Group - McCausland, Terrace Bay	\N	\N	\N	\N	2.16.840.1.113883.3.59.2	ACTIVE
CBCB	SCC	AC-North Shore Health Network - Blind River	\N	\N	\N	\N	2.16.840.1.113883.3.59.2	ACTIVE
CBCC	SCC	AC-North Shore Health Network - Thessalon	\N	\N	\N	\N	2.16.840.1.113883.3.59.2	ACTIVE
CBCD	SCC	AC-Centre d'evaluation Hearst	\N	\N	\N	\N	2.16.840.1.113883.3.59.2	ACTIVE
CBCE	SCC	AC-Rainy River Health Centre	\N	\N	\N	\N	2.16.840.1.113883.3.59.2	ACTIVE
CBCF	SCC	AC-Red Lake Guardian Pharmacy	\N	\N	\N	\N	2.16.840.1.113883.3.59.2	ACTIVE
CBCG	SCC	AC-SantÃ© Manitouwadge Health	\N	\N	\N	\N	2.16.840.1.113883.3.59.2	ACTIVE
CBCH	SCC	AC-Sault Area Hospital	\N	\N	\N	\N	2.16.840.1.113883.3.59.2	ACTIVE
CBCJ	SCC	AC-Sensenbrenner Hospital	\N	\N	\N	\N	2.16.840.1.113883.3.59.2	ACTIVE
CBCK	SCC	AC-Sioux Lookout Meno Ya Win Health Centre	\N	\N	\N	\N	2.16.840.1.113883.3.59.2	ACTIVE
CBCL	SCC	AC-Smooth Rock Falls Hospital	\N	\N	\N	\N	2.16.840.1.113883.3.59.2	ACTIVE
CBCM	SCC	AC-Superior North EMS / Community Paramedicine	\N	\N	\N	\N	2.16.840.1.113883.3.59.2	ACTIVE
CBCN	SCC	AC-Temiskaming Hospital	\N	\N	\N	\N	2.16.840.1.113883.3.59.2	ACTIVE
CBCP	SCC	AC-Thunder Bay Regional Health Sciences Centre	\N	\N	\N	\N	2.16.840.1.113883.3.59.2	ACTIVE
CBCQ	SCC	AC-Timmins & District Hospital	\N	\N	\N	\N	2.16.840.1.113883.3.59.2	ACTIVE
CBCR	SCC	AC-Weeneebayko Area Health Authority - Weeneebayko General Hospital	\N	\N	\N	\N	2.16.840.1.113883.3.59.2	ACTIVE
CBCT	SCC	AC-Weeneebayko Area Health Authority - Attawapiskat Hospital	\N	\N	\N	\N	2.16.840.1.113883.3.59.2	ACTIVE
CBCU	SCC	AC-Weeneebayko Area Health Authority - Moosonee Health Centre	\N	\N	\N	\N	2.16.840.1.113883.3.59.2	ACTIVE
CBCV	SCC	AC-Weeneebayko Area Health Authority - Kasechewan Health Centre	\N	\N	\N	\N	2.16.840.1.113883.3.59.2	ACTIVE
CBCW	SCC	AC-Weeneebayko Area Health Authority - Peawanuk Nursing Station	\N	\N	\N	\N	2.16.840.1.113883.3.59.2	ACTIVE
CBCX	SCC	AC-West Nipissing General Hospital	\N	\N	\N	\N	2.16.840.1.113883.3.59.2	ACTIVE
CBCY	SCC	AC-West Parry Sound Health Centre	\N	\N	\N	\N	2.16.840.1.113883.3.59.2	ACTIVE
CBD2	SCC	AC-London Health Sciences / St. Joseph's Healthcare London / Middlesex PHU	\N	\N	\N	\N	2.16.840.1.113883.3.59.2	ACTIVE
CBD3	SCC	AC-St. Joseph's Healthcare London	\N	\N	\N	\N	2.16.840.1.113883.3.59.2	ACTIVE
CBD4	SCC	AC-The Wellington Assessment Centre - Fergus	\N	\N	\N	\N	2.16.840.1.113883.3.59.2	ACTIVE
CBD5	SCC	AC-Akausivik Inuit Family Health Team (AIFHT)	\N	\N	\N	\N	2.16.840.1.113883.3.59.2	ACTIVE
CBD6	SCC	AC-Almonte General Hospital	\N	\N	\N	\N	2.16.840.1.113883.3.59.2	ACTIVE
CBD7	SCC	AC-Cornwall Community Hospital	\N	\N	\N	\N	2.16.840.1.113883.3.59.2	ACTIVE
CBD8	SCC	AC-Haliburton Highlands Health Services	\N	\N	\N	\N	2.16.840.1.113883.3.59.2	ACTIVE
CBD9	SCC	AC-Lennox and Addington County General Hospital	\N	\N	\N	\N	2.16.840.1.113883.3.59.2	ACTIVE
CBDA	SCC	AC-Womens College Hospital	\N	\N	\N	\N	2.16.840.1.113883.3.59.2	ACTIVE
CBDB	SCC	AC-Humber River Hospital Assessment Centre	\N	\N	\N	\N	2.16.840.1.113883.3.59.2	ACTIVE
CBDC	SCC	AC-Sunnybrook Health Sciences Centre	\N	\N	\N	\N	2.16.840.1.113883.3.59.2	ACTIVE
CBDD	SCC	AC-Chatham-Kent Health Alliance	\N	\N	\N	\N	2.16.840.1.113883.3.59.2	ACTIVE
CBDE	SCC	AC-Cambridge Memorial Hospital	\N	\N	\N	\N	2.16.840.1.113883.3.59.2	ACTIVE
CBDF	SCC	AC-Grand River Hospital	\N	\N	\N	\N	2.16.840.1.113883.3.59.2	ACTIVE
CBDG	SCC	AC-Grey Bruce Health Services - Owen Sound Hospital	\N	\N	\N	\N	2.16.840.1.113883.3.59.2	ACTIVE
CBDH	SCC	AC-Downtown Oshawa COVID-19 Assessment Centre	\N	\N	\N	\N	2.16.840.1.113883.3.59.2	ACTIVE
CBDJ	SCC	AC-Guelph General Hospital - Southgate Road Site	\N	\N	\N	\N	2.16.840.1.113883.3.59.2	ACTIVE
CBDK	SCC	AC-Hamilton Health Sciences Corporation	\N	\N	\N	\N	2.16.840.1.113883.3.59.2	ACTIVE
CBDL	SCC	AC-Hanover and District Hospital	\N	\N	\N	\N	2.16.840.1.113883.3.59.2	ACTIVE
CBDM	SCC	AC-Joseph Brant Hospital	\N	\N	\N	\N	2.16.840.1.113883.3.59.2	ACTIVE
CBDN	SCC	AC-Niagara Health - Niagara General Site	\N	\N	\N	\N	2.16.840.1.113883.3.59.2	ACTIVE
CBDP	SCC	AC-Niagara Health - St Catharines Site	\N	\N	\N	\N	2.16.840.1.113883.3.59.2	ACTIVE
CBDQ	SCC	AC-Six Nations of the Grand River	\N	\N	\N	\N	2.16.840.1.113883.3.59.2	ACTIVE
CBDR	SCC	AC-South Bruce Grey Health Centre - Kincardine Campus	\N	\N	\N	\N	2.16.840.1.113883.3.59.2	ACTIVE
CBDT	SCC	AC-St. Mary's General - Westmount Site	\N	\N	\N	\N	2.16.840.1.113883.3.59.2	ACTIVE
CBDU	SCC	AC-St. Mary's General - Bathurst Drive Site	\N	\N	\N	\N	2.16.840.1.113883.3.59.2	ACTIVE
CBDV	SCC	AC-Windsor Regional Hospital - Ouellette Campus	\N	\N	\N	\N	2.16.840.1.113883.3.59.2	ACTIVE
CBDW	SCC	AC-Woodstock General Hospital	\N	\N	\N	\N	2.16.840.1.113883.3.59.2	ACTIVE
CBDX	SCC	AC-St. Thomas Elgin General Hospital	\N	\N	\N	\N	2.16.840.1.113883.3.59.2	ACTIVE
CBDY	SCC	AC-Erie Shores Healthcare	\N	\N	\N	\N	2.16.840.1.113883.3.59.2	ACTIVE
CBE2	SCC	AC-Pembroke / Renfrew County Virtual Triage and Assessment Centre	\N	\N	\N	\N	2.16.840.1.113883.3.59.2	ACTIVE
CBE3	SCC	AC-Petawawa / Renfrew County Virtual Triage and Assessment Centre	\N	\N	\N	\N	2.16.840.1.113883.3.59.2	ACTIVE
CBE4	SCC	AC-Peterborough Paramedic Testing	\N	\N	\N	\N	2.16.840.1.113883.3.59.2	ACTIVE
CBE5	SCC	AC-Quinte West COVID-19 Assessment Centre	\N	\N	\N	\N	2.16.840.1.113883.3.59.2	ACTIVE
CBE6	SCC	AC-Renfrew / Renfrew County Virtual Triage and Assessment Centre	\N	\N	\N	\N	2.16.840.1.113883.3.59.2	ACTIVE
CBE7	SCC	AC-Haldimand War Memorial Hospital	\N	\N	\N	\N	2.16.840.1.113883.3.59.2	ACTIVE
CBE8	SCC	AC-Norfolk General Hospital	\N	\N	\N	\N	2.16.840.1.113883.3.59.2	ACTIVE
CBE9	SCC	AC-Rapids Family Health Team COVID-19 Assessment Centre	\N	\N	\N	\N	2.16.840.1.113883.3.59.2	ACTIVE
CBEA	SCC	AC-Prince Edward	\N	\N	\N	\N	2.16.840.1.113883.3.59.2	ACTIVE
CBEB	SCC	AC-Quinte Healthcare	\N	\N	\N	\N	2.16.840.1.113883.3.59.2	ACTIVE
CBEC	SCC	AC-Winchester District Memorial Hospital	\N	\N	\N	\N	2.16.840.1.113883.3.59.2	ACTIVE
CBED	SCC	AC-Bluewater Health - Rural Lambton	\N	\N	\N	\N	2.16.840.1.113883.3.59.2	ACTIVE
CBEE	SCC	AC-Goderich Columbus Banquet Hall	\N	\N	\N	\N	2.16.840.1.113883.3.59.2	ACTIVE
CBEF	SCC	AC-Listowel Wingham Hospitals Alliance	\N	\N	\N	\N	2.16.840.1.113883.3.59.2	ACTIVE
CBEG	SCC	AC-West Haldimand General Hospital	\N	\N	\N	\N	2.16.840.1.113883.3.59.2	ACTIVE
CBEH	SCC	AC-Brant Community Healthcare System	\N	\N	\N	\N	2.16.840.1.113883.3.59.2	ACTIVE
CBEJ	SCC	AC-South Huron Hospital Association - Grand Bend and Area CHC	\N	\N	\N	\N	2.16.840.1.113883.3.59.2	ACTIVE
CBEK	SCC	AC-Children's Hospital of Eastern Ontario (CHEO)	\N	\N	\N	\N	2.16.840.1.113883.3.59.2	ACTIVE
CBEL	SCC	AC-Eganville / Renfrew County Virtual Triage & Assessment Centre	\N	\N	\N	\N	2.16.840.1.113883.3.59.2	ACTIVE
CBEM	SCC	AC-Killaloe / Renfrew County Virtual Triage and Assessment Centre	\N	\N	\N	\N	2.16.840.1.113883.3.59.2	ACTIVE
CBEN	SCC	AC-Stratford General Hospital	\N	\N	\N	\N	2.16.840.1.113883.3.59.2	ACTIVE
CBEP	SCC	AC-Niagara Health Welland Hospital Site	\N	\N	\N	\N	2.16.840.1.113883.3.59.2	ACTIVE
CBER	SCC	AC-Coventry Rd. Drive Through	\N	\N	\N	\N	2.16.840.1.113883.3.59.2	ACTIVE
CBET	SCC	AC-Huntsville COVID-19 Assessment Centre	\N	\N	\N	\N	2.16.840.1.113883.3.59.2	ACTIVE
CBEU	SCC	AC-North Durham COVID-19 Assessment Centre	\N	\N	\N	\N	2.16.840.1.113883.3.59.2	ACTIVE
CBEV	SCC	AC-North Grenville COVID-19 Assessment Centre	\N	\N	\N	\N	2.16.840.1.113883.3.59.2	ACTIVE
CBEW	SCC	AC-Temagami Medical Centre & Family Health Team	\N	\N	\N	\N	2.16.840.1.113883.3.59.2	ACTIVE
CBEX	SCC	AC-Humber River Hospital - Church Street Site	\N	\N	\N	\N	2.16.840.1.113883.3.59.2	ACTIVE
CBEY	SCC	AC-Scarborough Health Network - General Hospital	\N	\N	\N	\N	2.16.840.1.113883.3.59.2	ACTIVE
CBF2	SCC	AC-Grey Bruce Health Services - Lion's Head	\N	\N	\N	\N	2.16.840.1.113883.3.59.2	ACTIVE
CBF3	SCC	AC-Hamilton Paramedic Service - Staff Testing	\N	\N	\N	\N	2.16.840.1.113883.3.59.2	ACTIVE
CBF4	SCC	AC-Hamilton Paramedic Service - City Congregate Testing	\N	\N	\N	\N	2.16.840.1.113883.3.59.2	ACTIVE
CBF5	SCC	AC-Hamilton Paramedic Service - Shelter Testing	\N	\N	\N	\N	2.16.840.1.113883.3.59.2	ACTIVE
CBF6	SCC	AC-Central Pickering	\N	\N	\N	\N	2.16.840.1.113883.3.59.2	ACTIVE
CBF7	SCC	AC-RVH Innisfil - Rizzardo Health and Wellness Centre	\N	\N	\N	\N	2.16.840.1.113883.3.59.2	ACTIVE
CBF8	SCC	AC-YRPS 1 - Family, Allied Health/Emergency Services	\N	\N	\N	\N	2.16.840.1.113883.3.59.2	ACTIVE
CBF9	SCC	AC-YRPS 2 - Regional Employees	\N	\N	\N	\N	2.16.840.1.113883.3.59.2	ACTIVE
CBFA	SCC	AC-The Wellington Assessment Centre - Harriston	\N	\N	\N	\N	2.16.840.1.113883.3.59.2	ACTIVE
CBFB	SCC	AC-Tillsonburg District Memorial Hospital	\N	\N	\N	\N	2.16.840.1.113883.3.59.2	ACTIVE
CBFC	SCC	AC-Trillium Health Partners - CVH-Site Drive Through	\N	\N	\N	\N	2.16.840.1.113883.3.59.2	ACTIVE
CBFD	SCC	AC-Kingston Health Sciences Centre	\N	\N	\N	\N	2.16.840.1.113883.3.59.2	ACTIVE
CBFE	SCC	AC-Health Sciences North - NEOMO Site	\N	\N	\N	\N	2.16.840.1.113883.3.59.2	ACTIVE
CBFF	SCC	AC-Weeneebayko Area Health Authority - Fort Albany Hospital	\N	\N	\N	\N	2.16.840.1.113883.3.59.2	ACTIVE
CBFG	SCC	AC-Manitoulin Health Centre - Little Current Site	\N	\N	\N	\N	2.16.840.1.113883.3.59.2	ACTIVE
CBFH	SCC	AC-Michael Garron Hospital Outpatient	\N	\N	\N	\N	2.16.840.1.113883.3.59.2	ACTIVE
CBFJ	SCC	AC-St. Joseph's Healthcare Hamilton	\N	\N	\N	\N	2.16.840.1.113883.3.59.2	ACTIVE
CBFK	SCC	AC-Bluewater Health	\N	\N	\N	\N	2.16.840.1.113883.3.59.2	ACTIVE
CBFL	SCC	AC-Windsor Regional Hospital - St. Clair Assessment Centre	\N	\N	\N	\N	2.16.840.1.113883.3.59.2	ACTIVE
CBFM	SCC	AC-Alexandria COVID-19 Assessment Centre	\N	\N	\N	\N	2.16.840.1.113883.3.59.2	ACTIVE
CBFN	SCC	AC-Michael Garron Hospital (Crescent Town Health Centre)	\N	\N	\N	\N	2.16.840.1.113883.3.59.2	ACTIVE
CBFP	SCC	AC-St. Joseph's Healthcare Hamilton's Mountain COVID-19 Testing Centre	\N	\N	\N	\N	2.16.840.1.113883.3.59.2	ACTIVE
CBFQ	SCC	AC-Limoges COVID-19 Testing Centre	\N	\N	\N	\N	2.16.840.1.113883.3.59.2	ACTIVE
CBFR	SCC	AC-Wasaga Beach Regional Assessment Centre	\N	\N	\N	\N	2.16.840.1.113883.3.59.2	ACTIVE
CBFT	SCC	AC-Auduzhe Mino Nesewinong (Place Of Health Breathing)	\N	\N	\N	\N	2.16.840.1.113883.3.59.2	ACTIVE
CBFU	SCC	AC-Grey Bruce Health Services - Southampton	\N	\N	\N	\N	2.16.840.1.113883.3.59.2	ACTIVE
CBFV	SCC	AC-Oxford County Paramedic Services Mobile COVID-19 Testing	\N	\N	\N	\N	2.16.840.1.113883.3.59.2	ACTIVE
CBFW	SCC	AC-Middlesex-London Paramedic Service Mobile COVID Site	\N	\N	\N	\N	2.16.840.1.113883.3.59.2	ACTIVE
CBFX	SCC	AC-COVID-19 Care & Testing Centre - Ray Friel	\N	\N	\N	\N	2.16.840.1.113883.3.59.2	ACTIVE
CBFY	SCC	AC-Alexandria Hospital Ingersoll Assessment Centre	\N	\N	\N	\N	2.16.840.1.113883.3.59.2	ACTIVE
CBG2	SCC	AC-North York General Hospital - Mobile Testing	\N	\N	\N	\N	2.16.840.1.113883.3.59.2	ACTIVE
CBG3	SCC	AC-NEOMO COVID-19 Lab	\N	\N	\N	\N	2.16.840.1.113883.3.59.2	ACTIVE
CBG4	SCC	AC-Almonte General Hospital - Mobile Testing	\N	\N	\N	\N	2.16.840.1.113883.3.59.2	ACTIVE
CBG5	SCC	AC-Almonte General Hospital - Congregate Living	\N	\N	\N	\N	2.16.840.1.113883.3.59.2	ACTIVE
CBG6	SCC	AC-Sunnybrook Health Sciences Centre - Mobile Testing	\N	\N	\N	\N	2.16.840.1.113883.3.59.2	ACTIVE
CBG7	SCC	AC-SHN COVID Assessment Centre - Mobile 1	\N	\N	\N	\N	2.16.840.1.113883.3.59.2	ACTIVE
CBG8	SCC	AC-SHN COVID Assessment Centre - Mobile 2	\N	\N	\N	\N	2.16.840.1.113883.3.59.2	ACTIVE
CBG9	SCC	AC-SHN COVID Assessment Centre - CICS	\N	\N	\N	\N	2.16.840.1.113883.3.59.2	ACTIVE
CBGA	SCC	AC-YRPS 3 - Public Health Requests	\N	\N	\N	\N	2.16.840.1.113883.3.59.2	ACTIVE
CBGB	SCC	AC-Barrie Community Health Centre - Mobile Testing	\N	\N	\N	\N	2.16.840.1.113883.3.59.2	ACTIVE
CBGC	SCC	AC-Humber River Hospital - Mobile Testing	\N	\N	\N	\N	2.16.840.1.113883.3.59.2	ACTIVE
CBGD	SCC	AC-CarePoint Health / Summerville FHT / Cold & Flu Clinic	\N	\N	\N	\N	2.16.840.1.113883.3.59.2	ACTIVE
CBGE	SCC	AC-Casselman COVID-19 Testing Centre	\N	\N	\N	\N	2.16.840.1.113883.3.59.2	ACTIVE
CBGF	SCC	AC-Georgian Bay General Hospital - Mobile Testing	\N	\N	\N	\N	2.16.840.1.113883.3.59.2	ACTIVE
CBGG	SCC	AC-SHN COVID Assessment Centre - UTSC	\N	\N	\N	\N	2.16.840.1.113883.3.59.2	ACTIVE
CBGH	SCC	AC-North Durham - Sunderland COVID-19 Assessment Clinic	\N	\N	\N	\N	2.16.840.1.113883.3.59.2	ACTIVE
CBGJ	SCC	AC-North Durham - Beaverton COVID-19 Assessment Clinic	\N	\N	\N	\N	2.16.840.1.113883.3.59.2	ACTIVE
CBGK	SCC	AC-North Durham - Manilla COVID-19 Assessment Clinic	\N	\N	\N	\N	2.16.840.1.113883.3.59.2	ACTIVE
CBGL	SCC	AC-Oxford County Paramedic Services Mobile - Elgin	\N	\N	\N	\N	2.16.840.1.113883.3.59.2	ACTIVE
CBGM	SCC	AC-Oxford County Paramedic Services Mobile - Oxford	\N	\N	\N	\N	2.16.840.1.113883.3.59.2	ACTIVE
CBGN	SCC	AC-Oxford County Paramedic Services Mobile - Maple Manor	\N	\N	\N	\N	2.16.840.1.113883.3.59.2	ACTIVE
CBGP	SCC	AC-Oxford County Paramedic Services Mobile - Second Trails	\N	\N	\N	\N	2.16.840.1.113883.3.59.2	ACTIVE
CBGQ	SCC	AC-Oxford County Paramedic Services Mobile - Woodingford Lodge	\N	\N	\N	\N	2.16.840.1.113883.3.59.2	ACTIVE
CBGR	SCC	AC-Oxford County Paramedic Services Mobile - Outbreak Management	\N	\N	\N	\N	2.16.840.1.113883.3.59.2	ACTIVE
CBGT	SCC	AC-Women's College Hospital - LTC Testing	\N	\N	\N	\N	2.16.840.1.113883.3.59.2	ACTIVE
CBGU	SCC	AC-Women's College Hospital - School Testing	\N	\N	\N	\N	2.16.840.1.113883.3.59.2	ACTIVE
CBGV	SCC	AC-Women's College Hospital - Mobile Testing	\N	\N	\N	\N	2.16.840.1.113883.3.59.2	ACTIVE
CBGW	SCC	AC-Women's College Hospital - Congregate Living	\N	\N	\N	\N	2.16.840.1.113883.3.59.2	ACTIVE
CBGX	SCC	AC-Barrie and Community Family Medicine Clinic COVID-19-Cold and Flu	\N	\N	\N	\N	2.16.840.1.113883.3.59.2	ACTIVE
CBGY	SCC	AC-SickKids - Mobile Testing	\N	\N	\N	\N	2.16.840.1.113883.3.59.2	ACTIVE
CBH2	SCC	AC-Home Community Care Central - Community Testing	\N	\N	\N	\N	2.16.840.1.113883.3.59.2	ACTIVE
CBH3	SCC	AC-Home Community Care Central - Mobile 1 Testing	\N	\N	\N	\N	2.16.840.1.113883.3.59.2	ACTIVE
CBH4	SCC	AC-Home Community Care Central - Mobile 2 Testing	\N	\N	\N	\N	2.16.840.1.113883.3.59.2	ACTIVE
CBH5	SCC	AC-Home Community Care Central - Mobile 3 Testing	\N	\N	\N	\N	2.16.840.1.113883.3.59.2	ACTIVE
CBH6	SCC	AC-Home Community Care NSM - Mobile Testing	\N	\N	\N	\N	2.16.840.1.113883.3.59.2	ACTIVE
CBH7	SCC	AC-Home Community Care MH - Mobile 1 Testing	\N	\N	\N	\N	2.16.840.1.113883.3.59.2	ACTIVE
CBH8	SCC	AC-Home Community Care MH - Mobile 2 Testing	\N	\N	\N	\N	2.16.840.1.113883.3.59.2	ACTIVE
CBH9	SCC	AC-Whitby COVID19 - Assessment Centre	\N	\N	\N	\N	2.16.840.1.113883.3.59.2	ACTIVE
CBHA	SCC	AC-The West Elgin Community Health Centre COVID Assessment Centre	\N	\N	\N	\N	2.16.840.1.113883.3.59.2	ACTIVE
CBHB	SCC	AC-SHN COVID Assessment Centre - General Hospital - Outpatient	\N	\N	\N	\N	2.16.840.1.113883.3.59.2	ACTIVE
CBHC	SCC	AC-Ross Memorial Hospital - Assessment Centre A	\N	\N	\N	\N	2.16.840.1.113883.3.59.2	ACTIVE
CBHD	SCC	AC-Ross Memorial Hospital - Mobile Testing	\N	\N	\N	\N	2.16.840.1.113883.3.59.2	ACTIVE
CBHE	SCC	AC-Windsor-Essex CRST - Headquarters	\N	\N	\N	\N	2.16.840.1.113883.3.59.2	ACTIVE
CBHF	SCC	AC-Windsor-Essex CRST - Mobile 1	\N	\N	\N	\N	2.16.840.1.113883.3.59.2	ACTIVE
CBHG	SCC	AC-Windsor-Essex CRST - Mobile 2	\N	\N	\N	\N	2.16.840.1.113883.3.59.2	ACTIVE
CBHH	SCC	AC-Windsor-Essex CRST - Mobile 3	\N	\N	\N	\N	2.16.840.1.113883.3.59.2	ACTIVE
CBHJ	SCC	AC-Windsor-Essex CRST - Mobile 4	\N	\N	\N	\N	2.16.840.1.113883.3.59.2	ACTIVE
CBHK	SCC	AC-London InterCommunity Health Centre	\N	\N	\N	\N	2.16.840.1.113883.3.59.2	ACTIVE
CBHL	SCC	AC-Durham Manor - Pickering CAC	\N	\N	\N	\N	2.16.840.1.113883.3.59.2	ACTIVE
CBHM	SCC	AC-SOAHAC Chippewa Assessment Centre	\N	\N	\N	\N	2.16.840.1.113883.3.59.2	ACTIVE
CBHN	SCC	AC-Durham Paramedics - Community Testing	\N	\N	\N	\N	2.16.840.1.113883.3.59.2	ACTIVE
CBHP	SCC	AC-Durham Paramedics - Lakeridge Health	\N	\N	\N	\N	2.16.840.1.113883.3.59.2	ACTIVE
CBHQ	SCC	AC-Shoppers Drug Mart - Central Pharmacy Services	\N	\N	\N	\N	2.16.840.1.113883.3.59.2	ACTIVE
CBHR	SCC	AC-GVT Lab & Imaging Services Inc.	\N	\N	\N	\N	2.16.840.1.113883.3.59.2	ACTIVE
CBHT	SCC	AC-Espanola Regional Hospital - Mobile Testing	\N	\N	\N	\N	2.16.840.1.113883.3.59.2	ACTIVE
CBHU	SCC	AC-Mister Chemical Limited	\N	\N	\N	\N	2.16.840.1.113883.3.59.2	ACTIVE
CBHV	SCC	AC-Home Community Care CW - Community Testing	\N	\N	\N	\N	2.16.840.1.113883.3.59.2	ACTIVE
CBHW	SCC	AC-Home Community Care CW - Mobile 1 Testing	\N	\N	\N	\N	2.16.840.1.113883.3.59.2	ACTIVE
CBHX	SCC	AC-Home Community Care CW - Mobile 2 Testing	\N	\N	\N	\N	2.16.840.1.113883.3.59.2	ACTIVE
CBHY	SCC	AC-Home Community Care CW - Mobile 3 Testing	\N	\N	\N	\N	2.16.840.1.113883.3.59.2	ACTIVE
CBI2	SCC	AC-Kettle & Stony Point First Nation Health Centre	\N	\N	\N	\N	2.16.840.1.113883.3.59.2	ACTIVE
CBI3	SCC	AC-Mary Berglund Community Health Centre	\N	\N	\N	\N	2.16.840.1.113883.3.59.2	ACTIVE
CBI4	SCC	AC-MyHealth Centre Covid Response	\N	\N	\N	\N	2.16.840.1.113883.3.59.2	ACTIVE
CBI5	SCC	AC-Rexdale Hub COVID-19 Community Testing Site	\N	\N	\N	\N	2.16.840.1.113883.3.59.2	ACTIVE
CBI6	SCC	AC-SK Travel Testing Unit	\N	\N	\N	\N	2.16.840.1.113883.3.59.2	ACTIVE
CBI7	SCC	AC-Grand River Hospital COVID-19 Drive-Thru Testing Centre	\N	\N	\N	\N	2.16.840.1.113883.3.59.2	ACTIVE
CBI8	SCC	AC-Pickering Chestnut Hills Assessment Centre	\N	\N	\N	\N	2.16.840.1.113883.3.59.2	ACTIVE
CBI9	SCC	AC-Black Creek Community Health Centre - San Romanoway Site	\N	\N	\N	\N	2.16.840.1.113883.3.59.2	ACTIVE
CBIA	SCC	AC-Switch Health Solutions	\N	\N	\N	\N	2.16.840.1.113883.3.59.2	ACTIVE
CBIB	SCC	AC-Southwest Ottawa COVID-19 Assessment Centre	\N	\N	\N	\N	2.16.840.1.113883.3.59.2	ACTIVE
CBIC	SCC	AC-Embassy Grand Convention Centre - Community Testing	\N	\N	\N	\N	2.16.840.1.113883.3.59.2	ACTIVE
CBID	SCC	AC-MyHealth Community Testing	\N	\N	\N	\N	2.16.840.1.113883.3.59.2	ACTIVE
CBIE	SCC	AC-Queen Square COVID-19 Cold and Flu Clinic	\N	\N	\N	\N	2.16.840.1.113883.3.59.2	ACTIVE
CBIF	SCC	AC-William Osler COVID-19 Testing Centre - Peel Memorial Centre	\N	\N	\N	\N	2.16.840.1.113883.3.59.2	ACTIVE
CBIG	SCC	AC-Aamjiwnaang Health Centre	\N	\N	\N	\N	2.16.840.1.113883.3.59.2	ACTIVE
CBIH	SCC	AC-Black Creek Community Health Centre	\N	\N	\N	\N	2.16.840.1.113883.3.59.2	ACTIVE
CBIJ	SCC	AC-Carefirst Markham Community Testing Site	\N	\N	\N	\N	2.16.840.1.113883.3.59.2	ACTIVE
CBIK	SCC	AC-Carefirst One-Stop Multi-Service Centre	\N	\N	\N	\N	2.16.840.1.113883.3.59.2	ACTIVE
CBIL	SCC	AC-Carefirst YMCA Community Testing Site	\N	\N	\N	\N	2.16.840.1.113883.3.59.2	ACTIVE
CBIM	SCC	AC-Dufferin-Caledon COVID-19 Cold and Flu Clinic	\N	\N	\N	\N	2.16.840.1.113883.3.59.2	ACTIVE
CBIN	SCC	AC-Waypoint - On-Site Mobile	\N	\N	\N	\N	2.16.840.1.113883.3.59.2	ACTIVE
CBIP	SCC	AC-Waypoint - ESB	\N	\N	\N	\N	2.16.840.1.113883.3.59.2	ACTIVE
CBIQ	SCC	AC-Waypoint - Bayfield	\N	\N	\N	\N	2.16.840.1.113883.3.59.2	ACTIVE
CBIR	SCC	AC-Waypoint - Community	\N	\N	\N	\N	2.16.840.1.113883.3.59.2	ACTIVE
CBIT	SCC	AC-Etobicoke UCC COVID-19 Testing Site	\N	\N	\N	\N	2.16.840.1.113883.3.59.2	ACTIVE
CBIU	SCC	AC-HB COVID Testing Centre	\N	\N	\N	\N	2.16.840.1.113883.3.59.2	ACTIVE
CBIV	SCC	AC-FH Health	\N	\N	\N	\N	2.16.840.1.113883.3.59.2	ACTIVE
CBIW	SCC	AC-DriverCheck Inc.	\N	\N	\N	\N	2.16.840.1.113883.3.59.2	ACTIVE
CBIX	SCC	AC-Four Corners Community Testing Site	\N	\N	\N	\N	2.16.840.1.113883.3.59.2	ACTIVE
CBIY	SCC	AC-Islamic Society of Markham Community Testing Site	\N	\N	\N	\N	2.16.840.1.113883.3.59.2	ACTIVE
CBJ2	SCC	AC-FH Health (Joseph Brant)	\N	\N	\N	\N	2.16.840.1.113883.3.59.2	ACTIVE
CBJ3	SCC	AC-FH Health (Sunnybrook HSC)	\N	\N	\N	\N	2.16.840.1.113883.3.59.2	ACTIVE
CBJ4	SCC	AC-DriverCheck Inc. (Sarnia)	\N	\N	\N	\N	2.16.840.1.113883.3.59.2	ACTIVE
CBJ5	SCC	AC-DriverCheck Inc. (Kitchener)	\N	\N	\N	\N	2.16.840.1.113883.3.59.2	ACTIVE
CBJ6	SCC	AC-DriverCheck Inc. (Mississauga)	\N	\N	\N	\N	2.16.840.1.113883.3.59.2	ACTIVE
CBJ7	SCC	AC-Epitome Genetics	\N	\N	\N	\N	2.16.840.1.113883.3.59.2	ACTIVE
CBJ8	SCC	AC-Deep River Paramedic Base/Renfrew County VTAC	\N	\N	\N	\N	2.16.840.1.113883.3.59.2	ACTIVE
CBJ9	SCC	AC-DriverCheck Inc. (Oakville)	\N	\N	\N	\N	2.16.840.1.113883.3.59.2	ACTIVE
CBJA	SCC	AC-Danforth Village	\N	\N	\N	\N	2.16.840.1.113883.3.59.2	ACTIVE
CBJB	SCC	AC-Flemingdon Gateway Outreach Centre	\N	\N	\N	\N	2.16.840.1.113883.3.59.2	ACTIVE
CBJC	SCC	AC-Gerrard Square Outreach Centre	\N	\N	\N	\N	2.16.840.1.113883.3.59.2	ACTIVE
CBJD	SCC	AC-COVID Cold & Flu Care Clinic - Mississauga Medical Arts	\N	\N	\N	\N	2.16.840.1.113883.3.59.2	ACTIVE
CBJE	SCC	AC-East Ottawa Kids COVID Care Clinic	\N	\N	\N	\N	2.16.840.1.113883.3.59.2	ACTIVE
CBJF	SCC	AC-Old South	\N	\N	\N	\N	2.16.840.1.113883.3.59.2	ACTIVE
CBJG	SCC	AC-COVID Cold & Flu Care Clinic - Pearl Medical Clinic	\N	\N	\N	\N	2.16.840.1.113883.3.59.2	ACTIVE
CBJH	SCC	AC-Whitehills	\N	\N	\N	\N	2.16.840.1.113883.3.59.2	ACTIVE
CBJJ	SCC	AC-SickKids - Occupational Health	\N	\N	\N	\N	2.16.840.1.113883.3.59.2	ACTIVE
CBJK	SCC	AC-COVID Cold & Flu Care Clinic - Kelso Lake Medical Centre	\N	\N	\N	\N	2.16.840.1.113883.3.59.2	ACTIVE
CBJL	SCC	AC-Canadian Health Labs	\N	\N	\N	\N	2.16.840.1.113883.3.59.2	ACTIVE
CBJM	SCC	AC-Canadian Health Labs (Huntsville)	\N	\N	\N	\N	2.16.840.1.113883.3.59.2	ACTIVE
CBJN	SCC	AC-Canadian Health Labs (Hamilton)	\N	\N	\N	\N	2.16.840.1.113883.3.59.2	ACTIVE
CBJP	SCC	AC-Canadian Health Labs (Thunder Bay)	\N	\N	\N	\N	2.16.840.1.113883.3.59.2	ACTIVE
CBJQ	SCC	AC-Canadian Health Labs (Sault Ste. Marie)	\N	\N	\N	\N	2.16.840.1.113883.3.59.2	ACTIVE
CBJR	SCC	AC-Canadian Health Labs (Ottawa)	\N	\N	\N	\N	2.16.840.1.113883.3.59.2	ACTIVE
CBJT	SCC	AC-Canadian Health Labs (Collingwood)	\N	\N	\N	\N	2.16.840.1.113883.3.59.2	ACTIVE
CBJU	SCC	AC-Canadian Health Labs (Black Creek)	\N	\N	\N	\N	2.16.840.1.113883.3.59.2	ACTIVE
CBJV	SCC	AC-Canadian Health Labs (Chatham Kent)	\N	\N	\N	\N	2.16.840.1.113883.3.59.2	ACTIVE
CBJW	SCC	AC-Canadian Health Labs (Wasaga Beach)	\N	\N	\N	\N	2.16.840.1.113883.3.59.2	ACTIVE
CBJX	SCC	AC-Canadian Health Labs (Palisades)	\N	\N	\N	\N	2.16.840.1.113883.3.59.2	ACTIVE
CBJY	SCC	AC-FH Health (HHS-Milton)	\N	\N	\N	\N	2.16.840.1.113883.3.59.2	ACTIVE
CBK2	SCC	AC-FH Health (Vaughan)	\N	\N	\N	\N	2.16.840.1.113883.3.59.2	ACTIVE
CBK3	SCC	AC-Medical Laboratories of Windsor-1428	\N	\N	\N	\N	2.16.840.1.113883.3.59.2	ACTIVE
CBK4	SCC	AC-UHN-Cecil Community Centre	\N	\N	\N	\N	2.16.840.1.113883.3.59.2	ACTIVE
CBK5	SCC	AC-UHN-West Neighbourhood House	\N	\N	\N	\N	2.16.840.1.113883.3.59.2	ACTIVE
CBK6	SCC	AC-UHN-Waterfront Neighbourhood Centre	\N	\N	\N	\N	2.16.840.1.113883.3.59.2	ACTIVE
CBK7	SCC	AC-The Annex	\N	\N	\N	\N	2.16.840.1.113883.3.59.2	ACTIVE
CBK8	SCC	AC-UHN-Stock Yards	\N	\N	\N	\N	2.16.840.1.113883.3.59.2	ACTIVE
CBK9	SCC	AC-COVID Cold and Flu Care Clinic-Hurontario	\N	\N	\N	\N	2.16.840.1.113883.3.59.2	ACTIVE
CBKA	SCC	AC-DriverCheck Inc. (Aurora)	\N	\N	\N	\N	2.16.840.1.113883.3.59.2	ACTIVE
CBKB	SCC	AC-DriverCheck Inc. (Woodbridge)	\N	\N	\N	\N	2.16.840.1.113883.3.59.2	ACTIVE
CBKC	SCC	AC-DriverCheck Inc. (Georgetown)	\N	\N	\N	\N	2.16.840.1.113883.3.59.2	ACTIVE
CBKD	SCC	AC-DriverCheck Inc. (Brampton)	\N	\N	\N	\N	2.16.840.1.113883.3.59.2	ACTIVE
CBKE	SCC	AC-Barry's Bay Paramedic Base/Renfrew County VTAC	\N	\N	\N	\N	2.16.840.1.113883.3.59.2	ACTIVE
CBKF	SCC	AC-St. Joe's Healthcare Hamilton COVID	\N	\N	\N	\N	2.16.840.1.113883.3.59.2	ACTIVE
CBKG	SCC	AC-Bowmanville Urgent Care Clinic	\N	\N	\N	\N	2.16.840.1.113883.3.59.2	ACTIVE
CBKH	SCC	AC-Medical Trust Clinics	\N	\N	\N	\N	2.16.840.1.113883.3.59.2	ACTIVE
CBKJ	SCC	AC-TOH Clinical Assessment Centre - Carling	\N	\N	\N	\N	2.16.840.1.113883.3.59.2	ACTIVE
CBKK	SCC	AC-Lighthouse Shelter	\N	\N	\N	\N	2.16.840.1.113883.3.59.2	ACTIVE
CBKL	SCC	AC-Couchiching OHT - Nurse Practitioner Clinic	\N	\N	\N	\N	2.16.840.1.113883.3.59.2	ACTIVE
CBKM	SCC	AC-Danforth Pape COVID-19 Outreach Centre	\N	\N	\N	\N	2.16.840.1.113883.3.59.2	ACTIVE
CBKN	SCC	AC-Patient Self Collection	\N	\N	\N	\N	2.16.840.1.113883.3.59.2	ACTIVE
CBKP	SCC	AC-Georgina COVID, Cold and Flu Care Clinic	\N	\N	\N	\N	2.16.840.1.113883.3.59.2	ACTIVE
CBKQ	SCC	AC-FH Health (Eaton Centre)	\N	\N	\N	\N	2.16.840.1.113883.3.59.2	ACTIVE
CBKR	SCC	AC-FH Health (Forrest Hill)	\N	\N	\N	\N	2.16.840.1.113883.3.59.2	ACTIVE
CBKT	SCC	AC-FH Health (Midtown - Yonge)	\N	\N	\N	\N	2.16.840.1.113883.3.59.2	ACTIVE
CBKU	SCC	AC-FH Health (Mississauga)	\N	\N	\N	\N	2.16.840.1.113883.3.59.2	ACTIVE
CBKV	SCC	AC-FH Health (Oakville)	\N	\N	\N	\N	2.16.840.1.113883.3.59.2	ACTIVE
CBKW	SCC	AC-FH Health (Richmond Hill)	\N	\N	\N	\N	2.16.840.1.113883.3.59.2	ACTIVE
CBKX	SCC	AC-FH Health (Brampton)	\N	\N	\N	\N	2.16.840.1.113883.3.59.2	ACTIVE
CBKY	SCC	AC-FH Health (Hamilton)	\N	\N	\N	\N	2.16.840.1.113883.3.59.2	ACTIVE
CBLA	SCC	AC-St. James Town Wellness Clinic	\N	\N	\N	\N	2.16.840.1.113883.3.59.2	ACTIVE
CBLB	SCC	AC-Belleville / Quinte West CHC-COVID Cold and Flu Clinic	\N	\N	\N	\N	2.16.840.1.113883.3.59.2	ACTIVE
CBLC	SCC	AC-Gateway CHC-COVID Cold and Flu Clnic	\N	\N	\N	\N	2.16.840.1.113883.3.59.2	ACTIVE
CBLD	SCC	AC-Respiratory Diversion Clinic	\N	\N	\N	\N	2.16.840.1.113883.3.59.2	ACTIVE
CBLE	SCC	AC-North York FHT-COVID Cold and Flu Clinic	\N	\N	\N	\N	2.16.840.1.113883.3.59.2	ACTIVE
CBLF	SCC	AC-UHN-COVID-19 Cold and Flu Care Clinic	\N	\N	\N	\N	2.16.840.1.113883.3.59.2	ACTIVE
CBLG	SCC	AC-Vibrant Healthcare Alliance	\N	\N	\N	\N	2.16.840.1.113883.3.59.2	ACTIVE
CBLH	SCC	AC-CSC de l'Estrie Bourget	\N	\N	\N	\N	2.16.840.1.113883.3.59.2	ACTIVE
CBLJ	SCC	AC-HGMH COVID Cold and Flu Clinic	\N	\N	\N	\N	2.16.840.1.113883.3.59.2	ACTIVE
CBLK	SCC	AC-Prince Edward FHT-CAC/ILI Clinic	\N	\N	\N	\N	2.16.840.1.113883.3.59.2	ACTIVE
CBLL	SCC	AC-UNISON-Lawrence Heights	\N	\N	\N	\N	2.16.840.1.113883.3.59.2	ACTIVE
CBLM	SCC	AC-Four Villages	\N	\N	\N	\N	2.16.840.1.113883.3.59.2	ACTIVE
CBLN	SCC	AC-1 Vanier Drive-COVID Cold and Flu Care Clinic	\N	\N	\N	\N	2.16.840.1.113883.3.59.2	ACTIVE
CBLP	SCC	AC-Quest CHC	\N	\N	\N	\N	2.16.840.1.113883.3.59.2	ACTIVE
CBLQ	SCC	AC-Virgil Medical Centre-Niagara North FHT	\N	\N	\N	\N	2.16.840.1.113883.3.59.2	ACTIVE
CBLR	SCC	AC-St. Catharines-Niagara North FHT	\N	\N	\N	\N	2.16.840.1.113883.3.59.2	ACTIVE
CBLT	SCC	AC-Kincardine FHT	\N	\N	\N	\N	2.16.840.1.113883.3.59.2	ACTIVE
CBLU	SCC	AC-Virotek Laboratories	\N	\N	\N	\N	2.16.840.1.113883.3.59.2	ACTIVE
CDF0	SCC	RPOCT-Dufferin County Paramedic Service	\N	\N	\N	\N	2.16.840.1.113883.3.59.2	ACTIVE
CDF1	SCC	RPOCT-Beausoleil First Nation Paramedic Service	\N	\N	\N	\N	2.16.840.1.113883.3.59.2	ACTIVE
CDF2	SCC	RPOCT-Loft Community Services Bathurst	\N	\N	\N	\N	2.16.840.1.113883.3.59.2	ACTIVE
CDF3	SCC	RPOCT-Holland Bloorview Kids Rehabilitation Hospital-POC	\N	\N	\N	\N	2.16.840.1.113883.3.59.2	ACTIVE
CDF4	SCC	RPOCT-Homewood Health Inc.	\N	\N	\N	\N	2.16.840.1.113883.3.59.2	ACTIVE
CDF5	SCC	RPOCT-Batchewana Health Centre	\N	\N	\N	\N	2.16.840.1.113883.3.59.2	ACTIVE
CDF6	SCC	RPOCT-Zhiibaahaasing Health Centre (Mnaamodzawin Health Services Inc.)	\N	\N	\N	\N	2.16.840.1.113883.3.59.2	ACTIVE
CDF7	SCC	RPOCT-Whitefish River First Nation Health Centre (Mnaamodzawin Health Services Inc.)	\N	\N	\N	\N	2.16.840.1.113883.3.59.2	ACTIVE
CDF8	SCC	RPOCT-Sheshegwaning Health Centre (Mnaamodzawin Health Services Inc.)	\N	\N	\N	\N	2.16.840.1.113883.3.59.2	ACTIVE
CDF9	SCC	RPOCT-Sheguiandah Health Centre (Mnaamodzawin Health Services Inc.)	\N	\N	\N	\N	2.16.840.1.113883.3.59.2	ACTIVE
CDFJ	SCC	RPOCT-Regency Retirement Community	\N	\N	\N	\N	2.16.840.1.113883.3.59.2	ACTIVE
CDFK	SCC	RPOCT-Six Nations of the Grand River Paramedic Services	\N	\N	\N	\N	2.16.840.1.113883.3.59.2	ACTIVE
CDFL	SCC	RPOCT-Loft Community Services - The Path Home	\N	\N	\N	\N	2.16.840.1.113883.3.59.2	ACTIVE
CDFM	SCC	RPOCT-Carefirst Community Care Clinic	\N	\N	\N	\N	2.16.840.1.113883.3.59.2	ACTIVE
CDFN	SCC	RPOCT-Carefirst Transitional Care Centre	\N	\N	\N	\N	2.16.840.1.113883.3.59.2	ACTIVE
CDFP	SCC	RPOCT-Loft Community Services - Barrie	\N	\N	\N	\N	2.16.840.1.113883.3.59.2	ACTIVE
CDFQ	SCC	RPOCT-Simply PCR	\N	\N	\N	\N	2.16.840.1.113883.3.59.2	ACTIVE
CDFR	SCC	RPOCT-CORNWALL SDG PARAMEDIC SVCES-CORP OF THE CITY CORNWALL	\N	\N	\N	\N	2.16.840.1.113883.3.59.2	ACTIVE
CDFT	SCC	RPOCT-Nipissing Paramedic Services - Whitney	\N	\N	\N	\N	2.16.840.1.113883.3.59.2	ACTIVE
CDFU	SCC	RPOCT-Nipissing Paramedic Services - West Nipissing	\N	\N	\N	\N	2.16.840.1.113883.3.59.2	ACTIVE
CDFV	SCC	RPOCT-Nipissing Paramedic Services - North Bay	\N	\N	\N	\N	2.16.840.1.113883.3.59.2	ACTIVE
CDFW	SCC	RPOCT-District of Sault Ste. Marie Paramedic Services	\N	\N	\N	\N	2.16.840.1.113883.3.59.2	ACTIVE
CDFX	SCC	RPOCT-Haldimand County Paramedic Services	\N	\N	\N	\N	2.16.840.1.113883.3.59.2	ACTIVE
CDFY	SCC	RPOCT-Loft Community Services - Orillia	\N	\N	\N	\N	2.16.840.1.113883.3.59.2	ACTIVE
CDG0	SCC	RPOCT-eHealth Centre of Excellence	\N	\N	\N	\N	2.16.840.1.113883.3.59.2	ACTIVE
CDG1	SCC	RPOCT-Poplar Hill First Nation - Community Testing Site	\N	\N	\N	\N	2.16.840.1.113883.3.59.2	ACTIVE
CDG2	SCC	RPOCT-Lennox-Addington Emergency Services	\N	\N	\N	\N	2.16.840.1.113883.3.59.2	ACTIVE
CDG3	SCC	RPOCT-Health Genetic Center	\N	\N	\N	\N	2.16.840.1.113883.3.59.2	ACTIVE
CDG4	SCC	RPOCT-Bramalea COVID, Cold & Flu Clinic	\N	\N	\N	\N	2.16.840.1.113883.3.59.2	ACTIVE
CDG5	SCC	RPOCT-Maamwesying (Northern Clinic)	\N	\N	\N	\N	2.16.840.1.113883.3.59.2	ACTIVE
CDG6	SCC	RPOCT-Wiigwas Elder and Senior Care Long Term Care Home	\N	\N	\N	\N	2.16.840.1.113883.3.59.2	ACTIVE
CDG7	SCC	RPOCT-Dr. Lindsay Berardi CPSO #91066	\N	\N	\N	\N	2.16.840.1.113883.3.59.2	ACTIVE
CDG8	SCC	RPOCT-Norfolk Family Health Team	\N	\N	\N	\N	2.16.840.1.113883.3.59.2	ACTIVE
CDG9	SCC	RPOCT-Dr. Jennifer Faulkner Jeffries CPSO #99524	\N	\N	\N	\N	2.16.840.1.113883.3.59.2	ACTIVE
CDGA	SCC	RPOCT-Aundeck Omni Kaning Health Centre (Mnaamodzawin Health Services Inc.)	\N	\N	\N	\N	2.16.840.1.113883.3.59.2	ACTIVE
CDGB	SCC	RPOCT-Mnaamodzawin Health Services Inc. (Head Office)	\N	\N	\N	\N	2.16.840.1.113883.3.59.2	ACTIVE
CDGC	SCC	RPOCT-Naicatchewenin First Nation	\N	\N	\N	\N	2.16.840.1.113883.3.59.2	ACTIVE
CDGD	SCC	RPOCT-Lanark County Paramedic Service	\N	\N	\N	\N	2.16.840.1.113883.3.59.2	ACTIVE
CDGE	SCC	RPOCT-Wewena Minodoodawin Health & Social Services (Chippewas of Rama First Nation)	\N	\N	\N	\N	2.16.840.1.113883.3.59.2	ACTIVE
CDGF	SCC	RPOCT-Superior North EMS / Community Paramedicine	\N	\N	\N	\N	2.16.840.1.113883.3.59.2	ACTIVE
CDGG	SCC	RPOCT-Superior North EMS / Hewitson Community Paramedicine	\N	\N	\N	\N	2.16.840.1.113883.3.59.2	ACTIVE
CDGH	SCC	RPOCT-Superior North EMS / Beardmore Clinic	\N	\N	\N	\N	2.16.840.1.113883.3.59.2	ACTIVE
CDGJ	SCC	RPOCT-Nipissing First Nation Lawrence Commanda Health Centre	\N	\N	\N	\N	2.16.840.1.113883.3.59.2	ACTIVE
CDGK	SCC	RPOCT-SLFNHA-Primary Care Team	\N	\N	\N	\N	2.16.840.1.113883.3.59.2	ACTIVE
CDGL	SCC	RPOCT-Shibogama First Nations Council	\N	\N	\N	\N	2.16.840.1.113883.3.59.2	ACTIVE
CDGM	SCC	RPOCT-Gizhewaadiziwin Health Access Centre	\N	\N	\N	\N	2.16.840.1.113883.3.59.2	ACTIVE
CDGN	SCC	RPOCT-Algonquins of Pikwakanagan Family Health Team	\N	\N	\N	\N	2.16.840.1.113883.3.59.2	ACTIVE
CDGP	SCC	RPOCT-Kawartha Lakes Paramedic Service	\N	\N	\N	\N	2.16.840.1.113883.3.59.2	ACTIVE
CDGQ	SCC	RPOCT-Peterborough County - City Paramedics	\N	\N	\N	\N	2.16.840.1.113883.3.59.2	ACTIVE
CDGR	SCC	RPOCT-Anishnawbe Mushkiki	\N	\N	\N	\N	2.16.840.1.113883.3.59.2	ACTIVE
CDGT	SCC	RPOCT-Leslie Medical FHO	\N	\N	\N	\N	2.16.840.1.113883.3.59.2	ACTIVE
CDGU	SCC	RPOCT-Chapel Heights Retirement Residence	\N	\N	\N	\N	2.16.840.1.113883.3.59.2	ACTIVE
CDGV	SCC	RPOCT-Sagamok Community Wellness Centre	\N	\N	\N	\N	2.16.840.1.113883.3.59.2	ACTIVE
CDGW	SCC	RPOCT-Sagamok Elders Eagle Lodge	\N	\N	\N	\N	2.16.840.1.113883.3.59.2	ACTIVE
CDGX	SCC	RPOCT-Journey Home Hospice (SE Health)	\N	\N	\N	\N	2.16.840.1.113883.3.59.2	ACTIVE
CDGY	SCC	RPOCT-Dr. Duong Xuan Bui CPSO #58977	\N	\N	\N	\N	2.16.840.1.113883.3.59.2	ACTIVE
CDH0	SCC	RPOCT-Anishinaabeg of Naongashiing Health Centre	\N	\N	\N	\N	2.16.840.1.113883.3.59.2	ACTIVE
CDH1	SCC	RPOCT-Summerville Family Health Team	\N	\N	\N	\N	2.16.840.1.113883.3.59.2	ACTIVE
CDH2	SCC	RPOCT-London Intercommunity Health Centre (East)	\N	\N	\N	\N	2.16.840.1.113883.3.59.2	ACTIVE
CDH3	SCC	RPOCT-London Intercommunity Health Centre (Argyle)	\N	\N	\N	\N	2.16.840.1.113883.3.59.2	ACTIVE
CDH4	SCC	RPOCT-Queen Square Family Health Team	\N	\N	\N	\N	2.16.840.1.113883.3.59.2	ACTIVE
CDH5	SCC	RPOCT-Multiplex Genomics Laboratory	\N	\N	\N	\N	2.16.840.1.113883.3.59.2	ACTIVE
CDH6	SCC	RPOCT-Matawa Health Co-Operative	\N	\N	\N	\N	2.16.840.1.113883.3.59.2	ACTIVE
CDH7	SCC	RPOCT-Loft Community Services - North York	\N	\N	\N	\N	2.16.840.1.113883.3.59.2	ACTIVE
CDH8	SCC	RPOCT-Dr. Rajdeep Inder Bains	\N	\N	\N	\N	2.16.840.1.113883.3.59.2	ACTIVE
CDH9	SCC	RPOCT-Twin Bridges NPL Clinic	\N	\N	\N	\N	2.16.840.1.113883.3.59.2	ACTIVE
CDHA	SCC	RPOCT-Fairvern	\N	\N	\N	\N	2.16.840.1.113883.3.59.2	ACTIVE
CDHB	SCC	RPOCT-Norwich Medical Centre	\N	\N	\N	\N	2.16.840.1.113883.3.59.2	ACTIVE
CDHC	SCC	RPOCT-Rural Lambton CAC	\N	\N	\N	\N	2.16.840.1.113883.3.59.2	ACTIVE
CDHD	SCC	RPOCT-OakMed Family Health Team	\N	\N	\N	\N	2.16.840.1.113883.3.59.2	ACTIVE
CDHE	SCC	RPOCT-Rural Lambton Clinical Assessment Centre	\N	\N	\N	\N	2.16.840.1.113883.3.59.2	ACTIVE
CDHF	SCC	RPOCT-Waasegiizhig Nanaandawe'iyewigamig - Dryden	\N	\N	\N	\N	2.16.840.1.113883.3.59.2	ACTIVE
CDHG	SCC	RPOCT-UHN-South Parkdale	\N	\N	\N	\N	2.16.840.1.113883.3.59.2	ACTIVE
CDHH	SCC	RPOCT-Central Lambton FHT	\N	\N	\N	\N	2.16.840.1.113883.3.59.2	ACTIVE
CDHJ	SCC	RPOCT-UHN-Kensington/Chinatown	\N	\N	\N	\N	2.16.840.1.113883.3.59.2	ACTIVE
CDHK	SCC	RPOCT-Grey County Paramedic Services	\N	\N	\N	\N	2.16.840.1.113883.3.59.2	ACTIVE
CDHL	SCC	RPOCT-Campfire Circle TO	\N	\N	\N	\N	2.16.840.1.113883.3.59.2	ACTIVE
CDHM	SCC	RPOCT-Campfire Circle Rainbow Lake	\N	\N	\N	\N	2.16.840.1.113883.3.59.2	ACTIVE
CDHN	SCC	RPOCT-Campfire Circle Muskoka	\N	\N	\N	\N	2.16.840.1.113883.3.59.2	ACTIVE
CDHP	SCC	RPOCT-Sudbury Jail	\N	\N	\N	\N	2.16.840.1.113883.3.59.2	ACTIVE
CDHQ	SCC	RPOCT-Monteith Correctional Complex	\N	\N	\N	\N	2.16.840.1.113883.3.59.2	ACTIVE
CDHR	SCC	RPOCT-Quinte Detention Centre	\N	\N	\N	\N	2.16.840.1.113883.3.59.2	ACTIVE
CDHT	SCC	RPOCT-Thunder Bay District Jail	\N	\N	\N	\N	2.16.840.1.113883.3.59.2	ACTIVE
CDHU	SCC	RPOCT-Niagara Detention Centre	\N	\N	\N	\N	2.16.840.1.113883.3.59.2	ACTIVE
CDHV	SCC	RPOCT-Ottawa Paramedic Service	\N	\N	\N	\N	2.16.840.1.113883.3.59.2	ACTIVE
CDHW	SCC	RPOCT-South Georgian Bay Community Health Centre	\N	\N	\N	\N	2.16.840.1.113883.3.59.2	ACTIVE
CDHX	SCC	RPOCT-Pelican Falls First Nations High School	\N	\N	\N	\N	2.16.840.1.113883.3.59.2	ACTIVE
CDHY	SCC	RPOCT-Dennis Franklin Cromarty High School	\N	\N	\N	\N	2.16.840.1.113883.3.59.2	ACTIVE
CDJ0	SCC	RPOCT-Yonge Street Mission - Davis Centre	\N	\N	\N	\N	2.16.840.1.113883.3.59.2	ACTIVE
CDJ1	SCC	RPOCT-Medical Associates of Port Perry FHO	\N	\N	\N	\N	2.16.840.1.113883.3.59.2	ACTIVE
CDJ2	SCC	RPOCT-Hiawatha First Nation	\N	\N	\N	\N	2.16.840.1.113883.3.59.2	ACTIVE
CDJ3	SCC	RPOCT-Kenora Chiefs Advisory Inc.	\N	\N	\N	\N	2.16.840.1.113883.3.59.2	ACTIVE
CDJ4	SCC	RPOCT-Loft Community Services - Transitional Age Youth	\N	\N	\N	\N	2.16.840.1.113883.3.59.2	ACTIVE
CDJ5	SCC	RPOCT-Loft Community Services - College View & Simon Assisted LH	\N	\N	\N	\N	2.16.840.1.113883.3.59.2	ACTIVE
CDJ6	SCC	RPOCT-WUIR (Naandwechige-Gamig-Wikwemikong Health Centre)	\N	\N	\N	\N	2.16.840.1.113883.3.59.2	ACTIVE
CDJ7	SCC	RPOCT-Maamwesying (Shawenenkezhik Health Centre)	\N	\N	\N	\N	2.16.840.1.113883.3.59.2	ACTIVE
CDJ8	SCC	RPOCT-Maamwesying (Indian Friendship Centre)	\N	\N	\N	\N	2.16.840.1.113883.3.59.2	ACTIVE
CDJ9	SCC	RPOCT-Garden River First Nation Wellness Centre	\N	\N	\N	\N	2.16.840.1.113883.3.59.2	ACTIVE
CDJA	SCC	RPOCT-Mississauga Medical Arts Center	\N	\N	\N	\N	2.16.840.1.113883.3.59.2	ACTIVE
CDJB	SCC	RPOCT-Muskoka Paramedic Services	\N	\N	\N	\N	2.16.840.1.113883.3.59.2	ACTIVE
CDJC	SCC	RPOCT-Renfrew Paramedic Base	\N	\N	\N	\N	2.16.840.1.113883.3.59.2	ACTIVE
CDJD	SCC	RPOCT-Pembroke Paramedic Base	\N	\N	\N	\N	2.16.840.1.113883.3.59.2	ACTIVE
CDJE	SCC	RPOCT-Arnprior Paramedic Base	\N	\N	\N	\N	2.16.840.1.113883.3.59.2	ACTIVE
CDJF	SCC	RPOCT-Thunder Bay District Health Unit	\N	\N	\N	\N	2.16.840.1.113883.3.59.2	ACTIVE
CDJG	SCC	RPOCT-Genvira Biosciences Diagnostic Lab	\N	\N	\N	\N	2.16.840.1.113883.3.59.2	ACTIVE
CDJH	SCC	RPOCT-Mino Bimaadsawin Health Centre (Saugeen First Nation)	\N	\N	\N	\N	2.16.840.1.113883.3.59.2	ACTIVE
CDJJ	SCC	RPOCT-emDx-Entomogen Diagnostic Lab	\N	\N	\N	\N	2.16.840.1.113883.3.59.2	ACTIVE
CDJK	SCC	RPOCT-Mino Ayaa Ta Win Healing Centre (Fort Frances)	\N	\N	\N	\N	2.16.840.1.113883.3.59.2	ACTIVE
CDJL	SCC	RPOCT-TIPT Diagnostic Laboratory	\N	\N	\N	\N	2.16.840.1.113883.3.59.2	ACTIVE
CDJM	SCC	RPOCT-Urgent Care-Courtice Health Centre	\N	\N	\N	\N	2.16.840.1.113883.3.59.2	ACTIVE
CDJN	SCC	RPOCT-Urgent Care-Taunton Health Centre	\N	\N	\N	\N	2.16.840.1.113883.3.59.2	ACTIVE
CDJP	SCC	RPOCT-Urgent Care-Oshawa Clinic	\N	\N	\N	\N	2.16.840.1.113883.3.59.2	ACTIVE
CDJQ	SCC	RPOCT-Luther Village On The Park	\N	\N	\N	\N	2.16.840.1.113883.3.59.2	ACTIVE
CDJR	SCC	RPOCT-Blanche River Health (Kirkland)	\N	\N	\N	\N	2.16.840.1.113883.3.59.2	ACTIVE
CDJT	SCC	RPOCT-Blanche River Health (Englehart)	\N	\N	\N	\N	2.16.840.1.113883.3.59.2	ACTIVE
CDJU	SCC	RPOCT-Perth County Paramedic Services	\N	\N	\N	\N	2.16.840.1.113883.3.59.2	ACTIVE
CDJV	SCC	RPOCT-Sioux Lookout First Nations Health Authority	\N	\N	\N	\N	2.16.840.1.113883.3.59.2	ACTIVE
CDJW	SCC	RPOCT-Renfrew County Assessment - Headquarters	\N	\N	\N	\N	2.16.840.1.113883.3.59.2	ACTIVE
CDJX	SCC	RPOCT-Central Pickering Comprehensive UCC - Lubna Tirmizi	\N	\N	\N	\N	2.16.840.1.113883.3.59.2	ACTIVE
CDJY	SCC	RPOCT-Jane Finch Family Health Team	\N	\N	\N	\N	2.16.840.1.113883.3.59.2	ACTIVE
CDK0	SCC	RPOCT-Loft Community Services - Positive Service Coordination	\N	\N	\N	\N	2.16.840.1.113883.3.59.2	ACTIVE
CDK1	SCC	RPOCT-Loft Community Services - 416 Community Support For Women	\N	\N	\N	\N	2.16.840.1.113883.3.59.2	ACTIVE
CDK2	SCC	RPOCT-Loft Community Services - Ingles Housing & Supports	\N	\N	\N	\N	2.16.840.1.113883.3.59.2	ACTIVE
CDK3	SCC	RPOCT-Loft Community Services - Wilkinson Beaty	\N	\N	\N	\N	2.16.840.1.113883.3.59.2	ACTIVE
CDK4	SCC	RPOCT-Loft Community Services - Wilkinson Sherbourne	\N	\N	\N	\N	2.16.840.1.113883.3.59.2	ACTIVE
CDK5	SCC	RPOCT-Loft Community Services - Wilkinson Spadina	\N	\N	\N	\N	2.16.840.1.113883.3.59.2	ACTIVE
CDK6	SCC	RPOCT-Loft Community Services - St. George House	\N	\N	\N	\N	2.16.840.1.113883.3.59.2	ACTIVE
CDK7	SCC	RPOCT-Loft Community Services - John Gibson House	\N	\N	\N	\N	2.16.840.1.113883.3.59.2	ACTIVE
CDK8	SCC	RPOCT-Loft Community Services - Path to Home	\N	\N	\N	\N	2.16.840.1.113883.3.59.2	ACTIVE
CDK9	SCC	RPOCT-Loft Community Services - Bradford House	\N	\N	\N	\N	2.16.840.1.113883.3.59.2	ACTIVE
CDKA	SCC	RPOCT-Carefirst Gibson Centre	\N	\N	\N	\N	2.16.840.1.113883.3.59.2	ACTIVE
CDKB	SCC	RPOCT-Carefirst Ebenezer United Church	\N	\N	\N	\N	2.16.840.1.113883.3.59.2	ACTIVE
CDKC	SCC	RPOCT-Wasauksing First Nation IIPCT	\N	\N	\N	\N	2.16.840.1.113883.3.59.2	ACTIVE
CDKD	SCC	RPOCT-Riverside Cardiology & Diagnostic Imaging	\N	\N	\N	\N	2.16.840.1.113883.3.59.2	ACTIVE
CDKE	SCC	RPOCT-West Durham Family Health Team	\N	\N	\N	\N	2.16.840.1.113883.3.59.2	ACTIVE
CDKF	SCC	RPOCT-Ontario Police College Health Centre	\N	\N	\N	\N	2.16.840.1.113883.3.59.2	ACTIVE
CDKG	SCC	RPOCT-Mohawk College Campus Health & Wellness Centre	\N	\N	\N	\N	2.16.840.1.113883.3.59.2	ACTIVE
CDKH	SCC	RPOCT-Barrie & Community Family Health Team	\N	\N	\N	\N	2.16.840.1.113883.3.59.2	ACTIVE
CDKJ	SCC	RPOCT-Trent Student Health Services-Trent University	\N	\N	\N	\N	2.16.840.1.113883.3.59.2	ACTIVE
CDKK	SCC	RPOCT-Maamwesying (Batchewana First Nation Health Centre)	\N	\N	\N	\N	2.16.840.1.113883.3.59.2	ACTIVE
CDKL	SCC	RPOCT-Maamwesying (Baawaating Family Health Team)	\N	\N	\N	\N	2.16.840.1.113883.3.59.2	ACTIVE
CDKM	SCC	RPOCT-Oak Valley Health	\N	\N	\N	\N	2.16.840.1.113883.3.59.2	ACTIVE
CDKN	SCC	RPOCT-North Simcoe FHT	\N	\N	\N	\N	2.16.840.1.113883.3.59.2	ACTIVE
CDKP	SCC	RPOCT-Dr. Ashok Sharma-Prompt Doc UCC	\N	\N	\N	\N	2.16.840.1.113883.3.59.2	ACTIVE
CDKQ	SCC	RPOCT-Dr. Paolo Oliverio-Prompt Doc UCC	\N	\N	\N	\N	2.16.840.1.113883.3.59.2	ACTIVE
CDKR	SCC	RPOCT-Dr. Nishan Jayawardene-Prompt Doc UCC	\N	\N	\N	\N	2.16.840.1.113883.3.59.2	ACTIVE
CDKT	SCC	RPOCT-Dr. Thomas Mazzone-Prompt Doc UCC	\N	\N	\N	\N	2.16.840.1.113883.3.59.2	ACTIVE
CDKU	SCC	RPOCT-Loft Community Services - Arleta - Crosslinks Seniors Supportive Housing	\N	\N	\N	\N	2.16.840.1.113883.3.59.2	ACTIVE
CDKV	SCC	RPOCT-Loft Community Services - Humber Houses	\N	\N	\N	\N	2.16.840.1.113883.3.59.2	ACTIVE
CDKW	SCC	RPOCT-Loft Community Services - Dufferin	\N	\N	\N	\N	2.16.840.1.113883.3.59.2	ACTIVE
CDKX	SCC	RPOCT-Loft Community Services - O'Connor	\N	\N	\N	\N	2.16.840.1.113883.3.59.2	ACTIVE
CDKY	SCC	RPOCT-Loft Community Services - Spencer	\N	\N	\N	\N	2.16.840.1.113883.3.59.2	ACTIVE
CDL0	SCC	RPOCT-My Care Medical	\N	\N	\N	\N	2.16.840.1.113883.3.59.2	ACTIVE
CDL1	SCC	RPOCT-Eastern Ontario Health Unit 1	\N	\N	\N	\N	2.16.840.1.113883.3.59.2	ACTIVE
CDL2	SCC	RPOCT-Regent Park Community Health Centre	\N	\N	\N	\N	2.16.840.1.113883.3.59.2	ACTIVE
CDL3	SCC	RPOCT-Southwestern Public Health Unit (St. Thomas)	\N	\N	\N	\N	2.16.840.1.113883.3.59.2	ACTIVE
CDL4	SCC	RPOCT-Northwestern Health Unit	\N	\N	\N	\N	2.16.840.1.113883.3.59.2	ACTIVE
CDL5	SCC	RPOCT-McMaster University Student Wellness Centre	\N	\N	\N	\N	2.16.840.1.113883.3.59.2	ACTIVE
CDL6	SCC	RPOCT-Runnymede Healthcare Centre	\N	\N	\N	\N	2.16.840.1.113883.3.59.2	ACTIVE
CDL7	SCC	RPOCT-Peterborough Public Health Unit	\N	\N	\N	\N	2.16.840.1.113883.3.59.2	ACTIVE
CDL8	SCC	RPOCT-Kapuskasing and Area FHT	\N	\N	\N	\N	2.16.840.1.113883.3.59.2	ACTIVE
CDL9	SCC	RPOCT-Sudbury District Nurse Practitioner Clinics - Lively	\N	\N	\N	\N	2.16.840.1.113883.3.59.2	ACTIVE
CDLA	SCC	RPOCT-Fanshawe College Student Health Services	\N	\N	\N	\N	2.16.840.1.113883.3.59.2	ACTIVE
CDLB	SCC	RPOCT-Norwest Community Health Centres - Armstrong	\N	\N	\N	\N	2.16.840.1.113883.3.59.2	ACTIVE
CDLC	SCC	RPOCT-Norwest Community Health Centres - Longlac	\N	\N	\N	\N	2.16.840.1.113883.3.59.2	ACTIVE
CDLD	SCC	RPOCT-Yonge Street Mission - Martin Centre	\N	\N	\N	\N	2.16.840.1.113883.3.59.2	ACTIVE
CDLE	SCC	RPOCT-Yonge Street Mission - Evergreen	\N	\N	\N	\N	2.16.840.1.113883.3.59.2	ACTIVE
CDLF	SCC	RPOCT-Windsor Essex EMS Mobile Testing - Tecumseh	\N	\N	\N	\N	2.16.840.1.113883.3.59.2	ACTIVE
CDLG	SCC	RPOCT-Region of Waterloo Public Health - Cambridge Site	\N	\N	\N	\N	2.16.840.1.113883.3.59.2	ACTIVE
CDLH	SCC	RPOCT-Clinton Family Health Team	\N	\N	\N	\N	2.16.840.1.113883.3.59.2	ACTIVE
CDLJ	SCC	RPOCT-M.J. Moseley Respiratory Therapy	\N	\N	\N	\N	2.16.840.1.113883.3.59.2	ACTIVE
CDLK	SCC	RPOCT-Loft Community Services - McEwan	\N	\N	\N	\N	2.16.840.1.113883.3.59.2	ACTIVE
CDLL	SCC	RPOCT-Loft Community Services - Crosslinks	\N	\N	\N	\N	2.16.840.1.113883.3.59.2	ACTIVE
CDLM	SCC	RPOCT-Cochrane District EMS - South Porcupine	\N	\N	\N	\N	2.16.840.1.113883.3.59.2	ACTIVE
CDLN	SCC	RPOCT-Cochrane District EMS - Iroquois Falls	\N	\N	\N	\N	2.16.840.1.113883.3.59.2	ACTIVE
CDLP	SCC	RPOCT-Cochrane District EMS - Hearst	\N	\N	\N	\N	2.16.840.1.113883.3.59.2	ACTIVE
CDLQ	SCC	RPOCT-Cochrane District EMS - Cochrane	\N	\N	\N	\N	2.16.840.1.113883.3.59.2	ACTIVE
CDLR	SCC	RPOCT-Don Mills Surgical Unit Ltd.	\N	\N	\N	\N	2.16.840.1.113883.3.59.2	ACTIVE
CDLT	SCC	RPOCT-Access Alliance Multicultural Health and Community Services	\N	\N	\N	\N	2.16.840.1.113883.3.59.2	ACTIVE
CDLU	SCC	RPOCT-Rexdale Community Health Centre(Dixon Satellite)	\N	\N	\N	\N	2.16.840.1.113883.3.59.2	ACTIVE
CDLV	SCC	RPOCT-Rexdale Community Health Centre(Main Office)	\N	\N	\N	\N	2.16.840.1.113883.3.59.2	ACTIVE
CDLW	SCC	RPOCT-Hamilton Paramedic Service	\N	\N	\N	\N	2.16.840.1.113883.3.59.2	ACTIVE
CDLX	SCC	RPOCT-Clarence-Rockland Family Health Organization	\N	\N	\N	\N	2.16.840.1.113883.3.59.2	ACTIVE
CDLY	SCC	RPOCT-Prompt Doc Urgent Care Clinic	\N	\N	\N	\N	2.16.840.1.113883.3.59.2	ACTIVE
CDMA	SCC	RPOCT-Sudbury District Nurse Practitioner Clinics - Ste. Anne	\N	\N	\N	\N	2.16.840.1.113883.3.59.2	ACTIVE
CDMB	SCC	RPOCT-Sudbury District Nurse Practitioner Clinics - Larch	\N	\N	\N	\N	2.16.840.1.113883.3.59.2	ACTIVE
CDMC	SCC	RPOCT-Georgian Bay Family Health Team	\N	\N	\N	\N	2.16.840.1.113883.3.59.2	ACTIVE
CDMD	SCC	RPOCT-Grey Bruce Health Unit	\N	\N	\N	\N	2.16.840.1.113883.3.59.2	ACTIVE
CDME	SCC	RPOCT-Cochrane District EMS	\N	\N	\N	\N	2.16.840.1.113883.3.59.2	ACTIVE
CDMF	SCC	RPOCT-Maamwesying (Thessalon First Nation Health Centre)	\N	\N	\N	\N	2.16.840.1.113883.3.59.2	ACTIVE
CDMG	SCC	RPOCT-Maamwesying (Mississauga First Nation Health Centre)	\N	\N	\N	\N	2.16.840.1.113883.3.59.2	ACTIVE
CDMH	SCC	RPOCT-Maamwesying (Sagamok Anishnawbek Health Centre)	\N	\N	\N	\N	2.16.840.1.113883.3.59.2	ACTIVE
CDMJ	SCC	RPOCT-Maamwesying (Kenabutch Health Centre)	\N	\N	\N	\N	2.16.840.1.113883.3.59.2	ACTIVE
CDMK	SCC	RPOCT-Norwest Community Health Centres	\N	\N	\N	\N	2.16.840.1.113883.3.59.2	ACTIVE
CDML	SCC	RPOCT-Homewood Health Centre	\N	\N	\N	\N	2.16.840.1.113883.3.59.2	ACTIVE
CDMM	SCC	RPOCT-Southwestern Public Health Unit (Woodstock)	\N	\N	\N	\N	2.16.840.1.113883.3.59.2	ACTIVE
CDMN	SCC	RPOCT-Greenstone Family Health Team	\N	\N	\N	\N	2.16.840.1.113883.3.59.2	ACTIVE
CDMP	SCC	RPOCT-Queen's Family Health Organization(Bagot)	\N	\N	\N	\N	2.16.840.1.113883.3.59.2	ACTIVE
CDMQ	SCC	RPOCT-Lakefield College School	\N	\N	\N	\N	2.16.840.1.113883.3.59.2	ACTIVE
CDMR	SCC	RPOCT-Queen's Family Health Organization (Clarence)	\N	\N	\N	\N	2.16.840.1.113883.3.59.2	ACTIVE
0153	HOS	HOME AND COMMUNITY CARE SUPPORT SERVICES - ERIE ST CLAIR	712 RICHMOND ST BX 306	\N	CHATHAM	N7M 5K4	2.16.840.1.113883.3.59.3	ACTIVE
0154	HOS	HOME AND COMMUNITY CARE SUPPORT SERVICES - SOUTH WEST	356 OXFORD ST W	\N	LONDON	N6H 1T3	2.16.840.1.113883.3.59.3	ACTIVE
0155	HOS	HOME AND COMMUNITY CARE SUPPORT SERVICES - WATERLOO WELLINGTON	141 WEBER ST SOUTH	\N	WATERLOO	N2J 2A9	2.16.840.1.113883.3.59.3	ACTIVE
0156	HOS	HOME AND COMMUNITY CARE SUPPORT SERVICES - HNHB	274 COLBORNE ST	\N	BRANTFORD	N3T 2H5	2.16.840.1.113883.3.59.3	ACTIVE
0157	HOS	HOME AND COMMUNITY CARE SUPPORT SERVICES - CENTRAL WEST	199 COUNTY COURT BLVD	\N	BRAMPTON	L6W 4P3	2.16.840.1.113883.3.59.3	ACTIVE
0158	HOS	HOME AND COMMUNITY CARE SUPPORT SERVICES - MISSISSAUGA HALTON	1001-401 THE WEST MALL	\N	ETOBICOKE	M9C 5J5	2.16.840.1.113883.3.59.3	ACTIVE
0159	HOS	HOME AND COMMUNITY CARE SUPPORT SERVICES - TORONTO CENTRAL	305-250 DUNDAS ST W	\N	TORONTO	M5T 2Z5	2.16.840.1.113883.3.59.3	ACTIVE
0160	HOS	HOME AND COMMUNITY CARE SUPPORT SERVICES - CENTRAL	1-1100 GORHAM ST	\N	NEWMARKET	L3Y 8Y8	2.16.840.1.113883.3.59.3	ACTIVE
0161	HOS	HOME AND COMMUNITY CARE SUPPORT SERVICES - CENTRAL EAST	920 CHAMPLAIN COURT	\N	WHITBY	L1N 6K9	2.16.840.1.113883.3.59.3	ACTIVE
0162	HOS	HOME AND COMMUNITY CARE SUPPORT SERVICES - SOUTH EAST	300-1471 JOHN COUNTER BLVD	\N	KINGSTON	K7M 8S8	2.16.840.1.113883.3.59.3	ACTIVE
0163	HOS	HOME AND COMMUNITY CARE SUPPORT SERVICES - CHAMPLAIN	100-4200 LABELLE ST	\N	OTTAWA	K1J 1J8	2.16.840.1.113883.3.59.3	ACTIVE
0164	HOS	HOME AND COMMUNITY CARE SUPPORT SERVICES - NORTH SIMCOE MUSKOKA	15 SPERLING DR	\N	BARRIE	L4M 6K9	2.16.840.1.113883.3.59.3	ACTIVE
0165	HOS	HOME AND COMMUNITY CARE SUPPORT SERVICES - NORTH EAST	41C - 40 ELM ST	\N	SUDBURY	P3C 1S8	2.16.840.1.113883.3.59.3	ACTIVE
0166	HOS	HOME AND COMMUNITY CARE SUPPORT SERVICES - NORTH WEST	961 ALLOY DR	\N	THUNDER BAY	P7B 5Z8	2.16.840.1.113883.3.59.3	ACTIVE
0591	HOS	BELLEVILLE GENERAL HOSPITAL	265 DUNDAS ST E	PO BOX 428	BELLEVILLE	K8N 5A9	2.16.840.1.113883.3.59.3	INACTIVE
0592	HOS	LENNOX AND ADDINGTON COUNTY GEN HOSPITAL	8 RICHMOND PARK DR	\N	NAPANEE	K7R 2Z4	2.16.840.1.113883.3.59.3	ACTIVE
0593	HOS	FOUR COUNTIES HEALTH SERVICES CORP	1824 CONCESSION DR	\N	NEWBURY	N0L 1Z0	2.16.840.1.113883.3.59.3	ACTIVE
0595	HOS	AJAX AND PICKERING GENERAL HOSPITAL	580 HARWOOD AVE S	\N	AJAX	L1S 2J4	2.16.840.1.113883.3.59.3	INACTIVE
0596	HOS	STEVENSON MEMORIAL HOSPITAL ALLISTON	200 FLETCHER CRES	\N	ALLISTON	L9R 1W7	2.16.840.1.113883.3.59.3	ACTIVE
0597	HOS	ALMONTE GENERAL HOSPITAL	75 SPRING ST	\N	ALMONTE	K0A 1A0	2.16.840.1.113883.3.59.3	ACTIVE
0599	HOS	ARNPRIOR REGIONAL HEALTH	350 JOHN ST N	\N	ARNPRIOR	K7S 2P6	2.16.840.1.113883.3.59.3	ACTIVE
0600	HOS	ATIKOKAN GENERAL HOSPITAL	120 DOROTHY ST	\N	ATIKOKAN	P0T 1C0	2.16.840.1.113883.3.59.3	ACTIVE
0601	HOS	HOMEWOOD HEALTH CENTRE	150 DELHI STREET	GUELPH	GUELPH	N1E 6K9	2.16.840.1.113883.3.59.3	ACTIVE
0602	HOS	GEORGETOWN AND DISTRICT MEM HOSPITAL	1 PRINCESS ANNE DR	\N	GEORGETOWN	L7G 2B8	2.16.840.1.113883.3.59.3	INACTIVE
0605	HOS	ST JOSEPH'S INFIRMARY	3377 BAYVIEW AVE	\N	NORTH YORK	M2M 3S4	2.16.840.1.113883.3.59.3	ACTIVE
0606	HOS	ROYAL VICTORIA REGIONAL HEALTH CENTRE	201 GEORGIAN DRIVE	\N	BARRIE	L4M 6M2	2.16.840.1.113883.3.59.3	ACTIVE
0608	HOS	ETOBICOKE GENERAL HOSPITAL	101 HUMBER COLLEGE BLVD	\N	ETOBICOKE	M9V 1R8	2.16.840.1.113883.3.59.3	INACTIVE
0611	HOS	NORTH SHORE HEALTH NETWORK	525 CAUSLEY ST	PO BOX 970	BLIND RIVER	P0R 1B0	2.16.840.1.113883.3.59.3	ACTIVE
0612	HOS	MEMORIAL HOSPITAL BOWMANVILLE	47 LIBERTY ST S	\N	BOWMANVILLE	L1C 2N4	2.16.840.1.113883.3.59.3	INACTIVE
0613	HOS	WEST PARK HEALTHCARE CTRE	82 BUTTONWOOD AVE	\N	YORK	M6M 2J5	2.16.840.1.113883.3.59.3	ACTIVE
0614	HOS	SOUTH MUSKOKA MEMORIAL HOSPITAL	75 ANN STREET	\N	BRACEBRIDGE	P1L 2E4	2.16.840.1.113883.3.59.3	INACTIVE
0615	HOS	PEEL MEMORIAL HOSPITAL	20 LYNCH ST	\N	BRAMPTON	L6W 2Z8	2.16.840.1.113883.3.59.3	INACTIVE
0617	HOS	BRANTFORD GENERAL HOSPITAL    ( THE )	200 TERRACE HILL ST	\N	BRANTFORD	N3R 1G9	2.16.840.1.113883.3.59.3	INACTIVE
0619	HOS	BROCKVILLE GENERAL HOSPITAL	75 CHARLES ST	\N	BROCKVILLE	K6V 2S8	2.16.840.1.113883.3.59.3	ACTIVE
0623	HOS	SHAVER HOSPITAL	541 GLENRIDGE AVE	PO BOX 158	ST CATHARINES	L2R 6S5	2.16.840.1.113883.3.59.3	INACTIVE
0624	HOS	CAMPBELLFORD MEMORIAL HOSPITAL	146 OLIVER RD	\N	CAMPBELLFORD	K0L 1L0	2.16.840.1.113883.3.59.3	ACTIVE
0625	HOS	YORK FINCH GENERAL HOSPITAL	2111 FINCH AVE W	\N	NORTH YORK	M3N 1N1	2.16.840.1.113883.3.59.3	INACTIVE
0626	HOS	CARLETON PLACE AND DISTRICT MEM HOSPITAL	211 LAKE AVE E	\N	CARLETON PLACE	K7C 1J4	2.16.840.1.113883.3.59.3	ACTIVE
0627	HOS	SERVICES DE SANTE DE CHAPLEAU HEALTH SERVICES	6 BROOMHEAD RD	\N	CHAPLEAU	P0M 1K0	2.16.840.1.113883.3.59.3	ACTIVE
0628	HOS	THE PUBLIC GEN HOSP SOCIETY OF CHATHAM	80 GRAND AVE W	\N	CHATHAM	N7L 1B7	2.16.840.1.113883.3.59.3	ACTIVE
0629	HOS	ST JOSEPH'S HLTH SERVICS ASSOC OF CHATHAM INC	80 GRAND AVE W	PO BOX 2030	CHATHAM	N7L 1B7	2.16.840.1.113883.3.59.3	ACTIVE
0630	HOS	CHESLEY AND DISTRICT MEMORIAL HOSPITAL	39 2ND ST SE	PO BOX 40	CHESLEY	N0G 1L0	2.16.840.1.113883.3.59.3	INACTIVE
0631	HOS	CANADIAN ARMED FORCES BASE HOSPITAL	BASE HOSPITAL	CAMP BORDEN	BARRIE ONT.	\N	2.16.840.1.113883.3.59.3	ACTIVE
0632	HOS	NORTH YORK GENERAL HOSPITAL	GENERAL DIVISION	4001 LESLIE ST	NORTH YORK	M2K 1E1	2.16.840.1.113883.3.59.3	ACTIVE
0633	HOS	CLINTON PUBLIC HOSPITAL	98 SHIPLEY ST	\N	CLINTON	N0M 1L0	2.16.840.1.113883.3.59.3	ACTIVE
0634	HOS	COBOURG DISTRICT GENERAL HOSPITAL	176 CHAPEL ST	PO BOX 340	COBOURG	K9A 4K9	2.16.840.1.113883.3.59.3	INACTIVE
0638	HOS	LADY MINTO HOSPITAL      ( THE )	241 8TH ST	PO BOX 4000	COCHRANE	P0L 1C0	2.16.840.1.113883.3.59.3	ACTIVE
0640	HOS	COLLINGWOOD GENERAL AND MARINE HOSPITAL	459 HUME ST	\N	COLLINGWOOD	L9Y 1W9	2.16.840.1.113883.3.59.3	ACTIVE
0641	HOS	THE MISSISSAUGA HOSPITAL	100 THE QUEENSWAY W	\N	MISSISSAUGA	L5B 1B8	2.16.840.1.113883.3.59.3	INACTIVE
0643	HOS	CORNWALL GENERAL HOSPITAL	510 SECOND STREET EAST	\N	CORNWALL	K6H 1Z6	2.16.840.1.113883.3.59.3	INACTIVE
0644	HOS	RELIGIOUS HOSPITALLERS OF ST. JOSEPH OF CORNWALL	14 YORK ST	\N	CORNWALL	K6J 5T2	2.16.840.1.113883.3.59.3	ACTIVE
0646	HOS	DEEP RIVER AND DISTRICT HOSPITAL	117 BANTING DR & MCELLIGOTT DR	\N	DEEP RIVER	K0J 1P0	2.16.840.1.113883.3.59.3	ACTIVE
0647	HOS	DRYDEN REGIONAL HEALTH CENTRE	58 GOODALL ST	\N	DRYDEN	P8N 2Z6	2.16.840.1.113883.3.59.3	ACTIVE
0648	HOS	HALDIMAND WAR MEMORIAL HOSPITAL	206 JOHN ST	\N	DUNNVILLE	N1A 2P7	2.16.840.1.113883.3.59.3	ACTIVE
0649	HOS	DURHAM MEMORIAL HOSPITAL	320 COLLEGE ST	PO BOX 638	DURHAM	N0G 1R0	2.16.840.1.113883.3.59.3	INACTIVE
0650	HOS	ST JOSEPH'S GENERAL HOSPITAL	70 SPINE RD	\N	ELLIOT LAKE	P5A 1X2	2.16.840.1.113883.3.59.3	ACTIVE
0651	HOS	ROYAL OTTAWA HEALTH CARE GROUP	BROCKVILLE MENTAL HLTH CNTR SITE	1804 HWY 2 E BX 1050	BROCKVILLE	K6V 5W7	2.16.840.1.113883.3.59.3	ACTIVE
0653	HOS	ENGLEHART AND DISTRICT HOSPITAL	61 FIFTH AVE	PO BOX 69	ENGLEHART	P0J 1H0	2.16.840.1.113883.3.59.3	ACTIVE
0654	HOS	ESPANOLA GENERAL HOSPITAL	825 MCKINNON DR	\N	ESPANOLA	P5E 1R4	2.16.840.1.113883.3.59.3	ACTIVE
0655	HOS	SOUTH HURON HOSPITAL	24 HURON ST W	\N	EXETER	N0M 1S2	2.16.840.1.113883.3.59.3	ACTIVE
0656	HOS	GROVES MEMORIAL COMMUNITY HOSPITAL	235 UNION ST E	\N	FERGUS	N1M 1W3	2.16.840.1.113883.3.59.3	ACTIVE
0658	HOS	DOUGLAS MEMORIAL HOSPITAL	230 BERTIE ST	\N	FORT ERIE	L2A 1Z2	2.16.840.1.113883.3.59.3	INACTIVE
0660	HOS	MCKELLAR GENERAL HOSPITAL	325 S ARCHIBALD ST	\N	THUNDER BAY	P7E 1G6	2.16.840.1.113883.3.59.3	INACTIVE
0661	HOS	CAMBRIDGE MEMORIAL HOSPITAL	700 CORONATION BLVD	\N	CAMBRIDGE	N1R 3G2	2.16.840.1.113883.3.59.3	ACTIVE
0662	HOS	GERALDTON DISTRICT HOSPITAL	500 HOGARTH AVE WEST	\N	GERALDTON	P0T 1M0	2.16.840.1.113883.3.59.3	ACTIVE
0663	HOS	ALEXANDRA MARINE AND GENERAL HOSPITAL	120 NAPIER ST	\N	GODERICH	N7A 1W5	2.16.840.1.113883.3.59.3	ACTIVE
0664	HOS	WEST LINCOLN MEMORIAL HOSPITAL	169 MAIN ST E	\N	GRIMSBY	L3M 1P3	2.16.840.1.113883.3.59.3	ACTIVE
0665	HOS	GUELPH GENERAL HOSPITAL	115 DELHI ST	\N	GUELPH	N1E 4J4	2.16.840.1.113883.3.59.3	ACTIVE
0666	HOS	ST JOSEPHS HEALTH CENTRE - GUELPH	100 WESTMOUNT ROAD	\N	GUELPH	N1H 5H8	2.16.840.1.113883.3.59.3	ACTIVE
0667	HOS	WHITBY GENERAL HOSPITAL	300 GORDON ST	PO BOX 621	OSHAWA	L1N 5T2	2.16.840.1.113883.3.59.3	INACTIVE
0672	HOS	HAMILTON CIVIC HENDERSON GENERAL HOSP	HENDERSON GENERAL HOSP	711 CONCESSION ST	HAMILTON	L8V 1C3	2.16.840.1.113883.3.59.3	INACTIVE
0674	HOS	ST JOSEPHS HEALTH CARE SYSTEM	CHARLTON CAMPUS	50 CHARLTON AVE E	HAMILTON	L8N 4A6	2.16.840.1.113883.3.59.3	ACTIVE
0675	HOS	ST PETER'S HOSPITAL	88 MAPLEWOOD AVE	\N	HAMILTON	L8M 1W9	2.16.840.1.113883.3.59.3	INACTIVE
0676	HOS	HANOVER AND DISTRICT HOSPITAL	90 7TH AVE	\N	HANOVER	N4N 1N1	2.16.840.1.113883.3.59.3	ACTIVE
0678	HOS	CHEDOKE MCMASTER HOSPITALS	1200 MAIN ST WEST	ROOM 26	HAMILTON	L8S 4J9	2.16.840.1.113883.3.59.3	INACTIVE
0679	HOS	NORTHEAST MENTAL HEALTH CTRE	680 KIRKWOOD DR	\N	SUDBURY	P3E 1X3	2.16.840.1.113883.3.59.3	INACTIVE
0680	HOS	DON MILLS SURGICAL UNIT LIMITED	SURGICAL UNIT	20 WYNFORD DR	NORTH YORK	M3C 1J4	2.16.840.1.113883.3.59.3	ACTIVE
0681	HOS	NOTRE DAME HOSPITAL	1405 EDWARD ST	PO BOX 8000	HEARST	P0L 1N0	2.16.840.1.113883.3.59.3	ACTIVE
0682	HOS	HORNEPAYNE COMMUNITY HOSPITAL	278 FRONT ST	BX 190	HORNEPAYNE	P0M 1Z0	2.16.840.1.113883.3.59.3	ACTIVE
0684	HOS	ALEXANDRA HOSPITAL	29 NOXON ST	\N	INGERSOLL	N5C 3V6	2.16.840.1.113883.3.59.3	INACTIVE
0685	HOS	ANSON GENERAL HOSPITAL	58 ANSON DR	\N	IROQUOIS FALLS	P0K 1E0	2.16.840.1.113883.3.59.3	ACTIVE
0686	HOS	LADY DUNN HEALTH CENTRE	17 GOVERNMENT RD	\N	WAWA	P0S 1K0	2.16.840.1.113883.3.59.3	ACTIVE
0687	HOS	SENSENBRENNER HOSPITAL   (THE)	101 PROGRESS CRES	\N	KAPUSKASING	P5N 3H5	2.16.840.1.113883.3.59.3	ACTIVE
0689	HOS	CLARKE INSTITUTE OF PSYCHIATRY	ADMITTING DEPT	250 COLLEGE ST	TORONTO	M5T 1R8	2.16.840.1.113883.3.59.3	INACTIVE
0690	HOS	DONWOOD INSTITUTE	175 BRENTCLIFFE RD	\N	EAST YORK	M4G 3Z1	2.16.840.1.113883.3.59.3	INACTIVE
0691	HOS	KINCARDINE AND DISTRICT GENERAL HOSPITAL	43 QUEEN ST N	PO BOX 4000	KINCARDINE	N2Z 2Z2	2.16.840.1.113883.3.59.3	INACTIVE
0692	HOS	HOTEL DIEU HOSPITAL	166 BROCK ST	\N	KINGSTON	K7L 5G2	2.16.840.1.113883.3.59.3	INACTIVE
0693	HOS	KINGSTON GENERAL HOSPITAL	76 STUART ST	\N	KINGSTON	K7L 2V7	2.16.840.1.113883.3.59.3	INACTIVE
0695	HOS	PROVIDENCE CARE HOSPITAL	752 KING ST WEST	\N	KINGSTON	K7L 4X3	2.16.840.1.113883.3.59.3	ACTIVE
0696	HOS	KIRKLAND AND DISTRICT HOSPITAL	145 GOVERNMENT RD E	PO BOX 3000	KIRKLAND LAKE	P2N 3P4	2.16.840.1.113883.3.59.3	ACTIVE
0697	HOS	FREEPORT HOSPITAL     (THE)	3570 KING STREET E	\N	KITCHENER	N2A 2W1	2.16.840.1.113883.3.59.3	INACTIVE
0698	HOS	KITCHENER-WATERLOO HOSPITAL	835 KING ST W	\N	KITCHENER	N2G 1G3	2.16.840.1.113883.3.59.3	INACTIVE
0699	HOS	ST MARY'S GENERAL HOSPITAL	911 QUEENS BLVD	\N	KITCHENER	N2M 1B2	2.16.840.1.113883.3.59.3	INACTIVE
0701	HOS	MACKENZIE HEALTH	10 TRENCH ST	\N	RICHMOND HILL	L4C 4Z3	2.16.840.1.113883.3.59.3	ACTIVE
0704	HOS	ERIE SHORES HEALTHCARE	194 TALBOT ST W	\N	LEAMINGTON	N8H 1N9	2.16.840.1.113883.3.59.3	ACTIVE
0707	HOS	ROSS MEMORIAL HOSPITAL	10 ANGELINE ST N	\N	LINDSAY	K9V 4M8	2.16.840.1.113883.3.59.3	ACTIVE
0709	HOS	LISTOWEL MEMORIAL HOSPITAL	255 ELIZABETH ST E	\N	LISTOWEL	N4W 2P5	2.16.840.1.113883.3.59.3	ACTIVE
0714	HOS	ST. JOSEPH'S HEALTH CARE LONDON	268 GROSVENOR STREET	\N	LONDON	N6A 4V2	2.16.840.1.113883.3.59.3	ACTIVE
0717	HOS	VICTORIA HOSPITAL	800 COMMISSIONERS RD E	\N	LONDON	N6A 4G5	2.16.840.1.113883.3.59.3	INACTIVE
0718	HOS	JOSEPH BRANT HOSPITAL	JOSEPH BRANT MEMORIAL HOSPITAL	1230 NORTH SHORE BLVD	BURLINGTON	L7S 1W7	2.16.840.1.113883.3.59.3	ACTIVE
0719	HOS	SANTE MANITOUWADGE HEALTH	MANITOU RD	\N	MANITOUWADGE	P0T 2C0	2.16.840.1.113883.3.59.3	ACTIVE
0720	HOS	WEENEEBAYKO GENERAL HOSPITAL	19 HOSPITAL DR	BX 34	MOOSE FACTORY	P0L 1W0	2.16.840.1.113883.3.59.3	INACTIVE
0721	HOS	WILSON MEMORIAL GENERAL HOSPITAL	26 PENINSULA RD	PO BAG W	MARATHON	P0T 2E0	2.16.840.1.113883.3.59.3	ACTIVE
0722	HOS	CENTRE GREY GENERAL HOSPITAL	55 ISLA STREET	\N	MARKDALE	N0C 1H0	2.16.840.1.113883.3.59.3	INACTIVE
0723	HOS	BINGHAM MEMORIAL HOSPITAL	507 EIGHTH AVE	PO BOX 70	MATHESON	P0K 1N0	2.16.840.1.113883.3.59.3	ACTIVE
0724	HOS	MATTAWA GENERAL HOSPITAL	215 THIRD ST	PO BOX 70	MATTAWA	P0H 1V0	2.16.840.1.113883.3.59.3	ACTIVE
0725	HOS	MEAFORD GENERAL HOSPITAL	220 NELSON STREET WEST	\N	MEAFORD	N4L 1A3	2.16.840.1.113883.3.59.3	INACTIVE
0726	HOS	GEORGIAN BAY GENERAL HOSPITAL	1112 ST ANDREWS DR	\N	MIDLAND	L4R 1N6	2.16.840.1.113883.3.59.3	ACTIVE
0730	HOS	NATIONAL DEFENCE MEDICAL CTRE	1745 ALTA VISTA DR	\N	OTTAWA	K1A 0K6	2.16.840.1.113883.3.59.3	ACTIVE
0731	HOS	THE CREDIT VALLEY HOSPITAL	2200 EGLINTON AVE W	\N	MISSISSAUGA	L5M 2N1	2.16.840.1.113883.3.59.3	INACTIVE
0732	HOS	KEMPTVILLE DISTRICT HOSPITAL	2675 CONCESSION RD	\N	KEMPTVILLE	K0G 1J0	2.16.840.1.113883.3.59.3	ACTIVE
0733	HOS	LOUISE MARSHALL HOSPITAL	630 DUBLIN ST	PO BOX 190	MOUNT FOREST	N0G 2L3	2.16.840.1.113883.3.59.3	INACTIVE
0734	HOS	WEST HALDIMAND GENERAL HOSPITAL	75 PARKVIEW RD	\N	HAGERSVILLE	N0A 1H0	2.16.840.1.113883.3.59.3	ACTIVE
0736	HOS	SOUTHLAKE HEALTH	596 DAVIS DRIVE	\N	NEWMARKET	L3Y 2P9	2.16.840.1.113883.3.59.3	ACTIVE
0737	HOS	NIAGARA-ON-THE-LAKE GENERAL HOSPITAL	176 WELLINGTON ST	PO BOX 1270	NIAGARA ON THE LAKE	L0S 1J0	2.16.840.1.113883.3.59.3	INACTIVE
0738	HOS	GREATER NIAGARA GENERAL HOSPITAL	5546 PORTAGE RD	PO BOX 1018	NIAGARA FALLS	L2E 6X2	2.16.840.1.113883.3.59.3	INACTIVE
0739	HOS	NIPIGON DISTRICT MEMORIAL HOSPITAL	125 HOGAN ROAD	PO BOX 37	NIPIGON	P0T 2J0	2.16.840.1.113883.3.59.3	ACTIVE
0740	HOS	NORTH BAY GENERAL HOSPITAL	750 SCOLLARD ST	PO BOX 2500	NORTH BAY	P1B 5A4	2.16.840.1.113883.3.59.3	INACTIVE
0741	HOS	ST JOSEPH'S GENERAL HOSPITAL	720 MCLAREN ST	PO BOX 2000	NORTH BAY	P1B 3L9	2.16.840.1.113883.3.59.3	INACTIVE
0742	HOS	OAKVILLE-TRAFALGAR MEMORIAL HOSPITAL	327 REYNOLDS ST	\N	OAKVILLE	L6J 3L7	2.16.840.1.113883.3.59.3	INACTIVE
0743	HOS	ELISABETH BRUYERE HEALTH CENTRE	43 BRUYERE ST	\N	OTTAWA	K1N 5C8	2.16.840.1.113883.3.59.3	INACTIVE
0744	HOS	DUFFERIN AREA HOSPITAL	32 FIRST ST	\N	ORANGEVILLE	L9W 2E1	2.16.840.1.113883.3.59.3	INACTIVE
0745	HOS	ORILLIA SOLDIERS' MEMORIAL HOSPITAL	170 COLBORNE ST W	\N	ORILLIA	L3V 2Z3	2.16.840.1.113883.3.59.3	ACTIVE
0746	HOS	OSHAWA GENERAL HOSPITAL	24 ALMA ST	\N	OSHAWA	L1G 2B9	2.16.840.1.113883.3.59.3	INACTIVE
0751	HOS	CHEO-OTTAWA CHILDREN'S TREATMENT CTR	401 SMYTH RD	\N	OTTAWA	K1H 8L1	2.16.840.1.113883.3.59.3	ACTIVE
0752	HOS	WINDSOR WESTERN HOSPITAL CENTRE INC	1453 PRINCE RD	\N	WINDSOR	N9C 3Z4	2.16.840.1.113883.3.59.3	INACTIVE
0753	HOS	HOPITAL MONTFORT	713 CHEMIN DE MONTREAL	\N	OTTAWA	K1K 0T2	2.16.840.1.113883.3.59.3	ACTIVE
0754	HOS	ST VINCENT HOSPITAL	60 CAMBRIDGE ST	\N	OTTAWA	K1R 7A5	2.16.840.1.113883.3.59.3	INACTIVE
0756	HOS	CENTENARY HEALTH CENTRE (SCARBOROUGH)	2867 ELLESMERE RD	\N	SCARBOROUGH	M1E 4B9	2.16.840.1.113883.3.59.3	INACTIVE
0757	HOS	THE GREY BRUCE REGIONAL HEALTH CENTRE	1800 8TH STREET EAST	\N	OWEN SOUND	N4K 6M9	2.16.840.1.113883.3.59.3	INACTIVE
0759	HOS	PALMERSTON AND DISTRICT HOSPITAL	500 WHITES RD	BX 130	PALMERSTON	N0G 2P0	2.16.840.1.113883.3.59.3	INACTIVE
0760	HOS	THE WILLETT HOSPITAL	238 GRAND RIVER ST N	\N	PARIS	N3L 2N7	2.16.840.1.113883.3.59.3	INACTIVE
0761	HOS	PARRY SOUND DISTRICT GENERAL HOSPITAL	10 JAMES ST	\N	PARRY SOUND	P2A 1T3	2.16.840.1.113883.3.59.3	INACTIVE
0762	HOS	ST JOSEPH'S HOSPITAL	88 CHURCH ST	\N	PARRY SOUND	P2A 1Z3	2.16.840.1.113883.3.59.3	INACTIVE
0763	HOS	PEMBROKE REGIONAL HOSPITAL INC	705 MACKAY ST	\N	PEMBROKE	K8A 1G8	2.16.840.1.113883.3.59.3	ACTIVE
0765	HOS	BEECHWOOD PRIVATE HOSPITAL	PO BOX 1090	\N	PENETANGUISHENE	L0K 1P0	2.16.840.1.113883.3.59.3	INACTIVE
0766	HOS	THE PENETANGUISHENE GENERAL HOSPITAL	25 JEFFREY ST	\N	PENETANGUISHENE	L9M 1K6	2.16.840.1.113883.3.59.3	INACTIVE
0767	HOS	THE GREAT WAR MEMORIAL HOSPITAL	33 DRUMMOND ST W	\N	PERTH	K7H 2K1	2.16.840.1.113883.3.59.3	INACTIVE
0768	HOS	ST FRANCIS MEMORIAL HOSPITAL	7 ST FRANCIS MEMORIAL DR	BX 129	BARRYS BAY	K0J 1B0	2.16.840.1.113883.3.59.3	ACTIVE
0770	HOS	WISEMANS PRIVATE HOSPITAL	55 SUNSET BOULEVARD	\N	PERTH	K7H 3C6	2.16.840.1.113883.3.59.3	ACTIVE
0771	HOS	PETERBOROUGH REGIONAL HLTH CTRE	1 HOSPITAL DR	\N	PETERBOROUGH	K9J 7C6	2.16.840.1.113883.3.59.3	ACTIVE
0772	HOS	HUGH MACMILLAN MEDICAL CENTRE	350 RUMSEY RD	\N	TORONTO	M4G 1R8	2.16.840.1.113883.3.59.3	INACTIVE
0773	HOS	PROVIDENCE HEALTHCARE (SCARBOROUGH)	3276 ST CLAIR AVE E	\N	SCARBOROUGH	M1L 1W1	2.16.840.1.113883.3.59.3	ACTIVE
0776	HOS	CHARLOTTE ELEANOR ENGLEHART HOSPITAL	LAMBTON HOSPITALS GROUP - ADMIN	89 NORMAN STREET	SARNIA	N7T 7H2	2.16.840.1.113883.3.59.3	INACTIVE
0777	HOS	QUEENSWAY CARLETON HOSPITAL	3045 BASELINE RD	\N	NEPEAN	K2H 8P4	2.16.840.1.113883.3.59.3	ACTIVE
0778	HOS	PRINCE EDWARD COUNTY MEMORIAL HOSPITAL	MAIN ST E	PO BOX 1900	PICTON	K0K 2T0	2.16.840.1.113883.3.59.3	INACTIVE
0780	HOS	GENERAL HOSPITAL OF PORT ARTHUR	460 COURT ST N	STN P	THUNDER BAY	P7A 4X6	2.16.840.1.113883.3.59.3	INACTIVE
0781	HOS	ST JOSEPH'S CARE GROUP	35 NORTH ALGOMA ST	BX 3251	THUNDER BAY	P7B 5G7	2.16.840.1.113883.3.59.3	ACTIVE
0782	HOS	PORT COLBORNE GENERAL HOSPITAL	260 SUGARLOAF ST	\N	PORT COLBORNE	L3K 2N7	2.16.840.1.113883.3.59.3	INACTIVE
0784	HOS	MANITOULIN HEALTH CENTRE	11-13 MEREDITH ST	PO BOX 640	LITTLE CURRENT	P0P 1K0	2.16.840.1.113883.3.59.3	ACTIVE
0785	HOS	COMMUNITY MEMORIAL-PORT PERRY	451 PAXTON ST	PO BOX 960	PORT PERRY	L9L 1A8	2.16.840.1.113883.3.59.3	INACTIVE
0787	HOS	SCARBOROUGH SALVATION ARMY GRACE GEN HOS	3030 BIRCHMOUNT RD	\N	SCARBOROUGH	M1W 3W3	2.16.840.1.113883.3.59.3	INACTIVE
0788	HOS	RENFREW VICTORIA HOSPITAL	499 RAGLAN ST N	\N	RENFREW	K7V 1P6	2.16.840.1.113883.3.59.3	ACTIVE
0790	HOS	HOTEL DIEU SHAVER HEALTH AND REHABILITATION CENTRE	541 GLENRIDGE AVE	\N	ST CATHARINES	L2T 4C2	2.16.840.1.113883.3.59.3	ACTIVE
0791	HOS	ST CATHARINES GENERAL HOSPITAL	142 QUEENSTON ST	PO BOX 3018	ST CATHARINES	L2R 7C6	2.16.840.1.113883.3.59.3	INACTIVE
0792	HOS	ST MARYS MEMORIAL HOSPITAL	267 QUEEN ST	PO BOX 940	ST MARYS	N4X 1B6	2.16.840.1.113883.3.59.3	ACTIVE
0793	HOS	ST THOMAS-ELGIN GENERAL HOSPITAL	189 ELM ST	PO BOX 2007	ST THOMAS	N5P 3W2	2.16.840.1.113883.3.59.3	ACTIVE
0796	HOS	SARNIA GENERAL HOSPITAL	LAMBTON HOSPITALS GROUP - ADMIN	89 NORMAN STREET	SARNIA	N7T 7H2	2.16.840.1.113883.3.59.3	INACTIVE
0797	HOS	SAULT STE MARIE GENERAL HOSP	969 QUEEN ST E	\N	SAULT STE MARIE	P6A 2C4	2.16.840.1.113883.3.59.3	INACTIVE
0799	HOS	SCARBOROUGH GENERAL HOSPITAL	3050 LAWRENCE AVE E	\N	SCARBOROUGH	M1P 2V5	2.16.840.1.113883.3.59.3	INACTIVE
0800	HOS	HAWKESBURY DISTRICT GENERAL HOSPITAL	1111 GHISLAIN ST	\N	HAWKESBURY	K6A 3G5	2.16.840.1.113883.3.59.3	ACTIVE
0801	HOS	SEAFORTH COMMUNITY HOSPITAL	24 CENTENNIAL DR	PO BOX 99	SEAFORTH	N0K 1W0	2.16.840.1.113883.3.59.3	ACTIVE
0802	HOS	GLENGARRY MEMORIAL HOSPITAL	20260 COUNTRY ROAD 43	\N	ALEXANDRIA	K0C 1A0	2.16.840.1.113883.3.59.3	ACTIVE
0803	HOS	SHELBURNE DISTRICT HOSPITAL	350 1ST AVE E	PO BOX 190	SHELBURNE	L0N 1S0	2.16.840.1.113883.3.59.3	INACTIVE
0804	HOS	NORFOLK GENERAL HOSPITAL	365 WEST ST	\N	SIMCOE	N3Y 1T7	2.16.840.1.113883.3.59.3	ACTIVE
0806	HOS	SIOUX LOOKOUT ZONE HOSPITAL	7TH AVE N	PO BOX 1500	SIOUX LOOKOUT	P8T 1C2	2.16.840.1.113883.3.59.3	INACTIVE
0809	HOS	SMOOTH ROCK FALLS HOSPITAL	107 KELLY RD	BOX 219	SMOOTH ROCK FALLS	P0L 2B0	2.16.840.1.113883.3.59.3	ACTIVE
0810	HOS	SAUGEEN MEMORIAL HOSPITAL	340 HIGH STREET	\N	SOUTHAMPTON	N0H 2L0	2.16.840.1.113883.3.59.3	INACTIVE
0813	HOS	STRATFORD GENERAL HOSPITAL	46 GENERAL HOSPITAL DR	\N	STRATFORD	N5A 2Y6	2.16.840.1.113883.3.59.3	ACTIVE
0814	HOS	STRATHROY MIDDLESEX GENERAL HOSPITAL	395 CARRIE ST	\N	STRATHROY	N7G 3J4	2.16.840.1.113883.3.59.3	ACTIVE
0817	HOS	SUDBURY GEN HOSP OF IMMAC HEART OF MARY	IMMAC HEART OF MARY	700 PARIS ST	SUDBURY	P3E 3B5	2.16.840.1.113883.3.59.3	INACTIVE
0818	HOS	SUDBURY MEMORIAL HOSPITAL	865 REGENT ST SOUTH	\N	SUDBURY	P3E 3Y9	2.16.840.1.113883.3.59.3	INACTIVE
0819	HOS	MC CAUSLAND HOSPITAL	PO BOX 697	\N	TERRACE BAY	P0T 2W0	2.16.840.1.113883.3.59.3	ACTIVE
0824	HOS	TILLSONBURG DISTRICT MEMORIAL HOSPITAL	167 ROLPH ST	\N	TILLSONBURG	N4G 3Y9	2.16.840.1.113883.3.59.3	INACTIVE
0826	HOS	LAKE-OF-THE-WOODS DISTRICT HOSPITAL	21 SYLVAN ST W	\N	KENORA	P9N 3W7	2.16.840.1.113883.3.59.3	ACTIVE
0827	HOS	BAYCREST HOSPITAL (NORTH YORK)	3560 BATHURST ST	\N	NORTH YORK	M6A 2E1	2.16.840.1.113883.3.59.3	ACTIVE
0833	HOS	DOCTORS HOSPITAL	45 BRUNSWICK AVE	\N	TORONTO	M5S 2M1	2.16.840.1.113883.3.59.3	INACTIVE
0835	HOS	HILLCREST HOSPITAL	47 AUSTIN TERRACE	\N	TORONTO	M5R 1Y8	2.16.840.1.113883.3.59.3	INACTIVE
0836	HOS	BLOORVIEW CHILDRENS HOSPITAL (NY)	25 BUCHAN COURT	\N	NORTH YORK	M2J 4S9	2.16.840.1.113883.3.59.3	INACTIVE
0837	HOS	HOSPITAL FOR SICK CHILDREN	555 UNIVERSITY AVE	\N	TORONTO	M5G 1X8	2.16.840.1.113883.3.59.3	ACTIVE
0838	HOS	INSTITUTE TRAUMA PLASTIC RESTOR SURGERY	215 VICTORIA ST	\N	TORONTO	M5B 1T9	2.16.840.1.113883.3.59.3	ACTIVE
0840	HOS	LYNDHURST HOSPITAL	520 SUTHERLAND DR	\N	TORONTO	M4G 3V9	2.16.840.1.113883.3.59.3	INACTIVE
0841	HOS	LAURENTIAN HOSPITAL	41 RAMSEY LAKE RD	\N	SUDBURY	P3E 5J1	2.16.840.1.113883.3.59.3	INACTIVE
0842	HOS	MOUNT SINAI HOSPITAL	600 UNIVERSITY AVE	\N	TORONTO	M5G 1X5	2.16.840.1.113883.3.59.3	ACTIVE
0843	HOS	NORTHWESTERN GENERAL HOSPITAL(YORK CITY)	2175 KEELE ST	\N	YORK	M6M 3Z4	2.16.840.1.113883.3.59.3	INACTIVE
0844	HOS	PRINCESS MARGARET HOSPITAL	ONT CANCER INSTITUTE PMH	610 UNIVERSITY AV	TORONTO	M5G 2M9	2.16.840.1.113883.3.59.3	INACTIVE
0847	HOS	QUEEN ELIZABETH HOSPITAL	130 DUNN AVE	\N	TORONTO	M6K 2R7	2.16.840.1.113883.3.59.3	INACTIVE
0848	HOS	QUEENSWAY GENERAL HOSPITAL	150 SHERWAY DR	\N	ETOBICOKE	M9C 1A5	2.16.840.1.113883.3.59.3	INACTIVE
0849	HOS	BRIDGEPOINT HOSPITAL	14 ST MATTHEWS RD	\N	TORONTO	M4M 2B5	2.16.840.1.113883.3.59.3	INACTIVE
0850	HOS	RUNNYMEDE HEALTHCARE CENTRE	625 RUNNYMEDE ROAD	\N	TORONTO	M5S 3A3	2.16.840.1.113883.3.59.3	ACTIVE
0852	HOS	ST MICHAEL'S HOSPITAL	30 BOND ST	\N	TORONTO	M5B 1W8	2.16.840.1.113883.3.59.3	ACTIVE
0854	HOS	SALVATION ARMY TORONTO GRACE HEALTH CENTRE	650 CHURCH ST.	\N	TORONTO	M4Y 2G5	2.16.840.1.113883.3.59.3	ACTIVE
0855	HOS	SHOULDICE HOSPITAL	7750 BAYVIEW AVE	BOX 370	THORNHILL	L3T 4A3	2.16.840.1.113883.3.59.3	ACTIVE
0857	HOS	SUNNYBROOK HEALTH SCIENCE CENTRE	RM 1517	2075 BAYVIEW AVE	TORONTO	M4N 3M5	2.16.840.1.113883.3.59.3	INACTIVE
0858	HOS	TEHN MICHAEL GARRON HOSPITAL	825 COXWELL AVE	\N	EAST YORK	M4C 3E7	2.16.840.1.113883.3.59.3	ACTIVE
0859	HOS	CANADIAN FORCES HOSPITAL	8 WING TRENTON	PO BOX 1000 FORCES ASTRA	ASTRA	K0K 3W0	2.16.840.1.113883.3.59.3	ACTIVE
0862	HOS	WOMEN'S COLLEGE HOSPITAL	76 GRENVILLE ST	\N	TORONTO	M5S 1B2	2.16.840.1.113883.3.59.3	ACTIVE
0864	HOS	JAMES BAY GENERAL HOSPITAL	JAMES BAY COMMUNITY MHP	10 FIRST ST, BX 370	MOOSONEE	P0L 1Y0	2.16.840.1.113883.3.59.3	INACTIVE
0865	HOS	TRENTON MEMORIAL HOSPITAL	242 KING ST	PO BOX 1600	TRENTON	K8V 5S6	2.16.840.1.113883.3.59.3	INACTIVE
0866	HOS	COTTAGE HOSPITAL UXBRIDGE	4 CAMPBELL DRE	PO BOX 5003	UXBRIDGE	L9P 1S4	2.16.840.1.113883.3.59.3	INACTIVE
0869	HOS	COUNTY OF BRUCE GENERAL HOSPITAL	21 MCGIVERN ST	PO BOX 1300	WALKERTON	N0G 2V0	2.16.840.1.113883.3.59.3	INACTIVE
0870	HOS	SYDENHAM DISTRICT HOSPITAL	325 MARGARET AVE	\N	WALLACEBURG	N8A 2A7	2.16.840.1.113883.3.59.3	ACTIVE
0871	HOS	RIVERSIDE HOSPITAL	1967 RIVERSIDE DR	\N	OTTAWA	K1H 7W9	2.16.840.1.113883.3.59.3	INACTIVE
0872	HOS	SMITHS FALLS COMMUNITY HOSPITAL	60 CORNELIA ST W	\N	SMITHS FALLS	K7A 2H9	2.16.840.1.113883.3.59.3	INACTIVE
0873	HOS	WELLAND COUNTY GENERAL HOSPITAL	65 THIRD ST	\N	WELLAND	L3B 4W6	2.16.840.1.113883.3.59.3	INACTIVE
0874	HOS	HUMBER MEMORIAL HOSPITAL (YORK CITY)	200 CHURCH ST	\N	YORK	M9N 1N8	2.16.840.1.113883.3.59.3	INACTIVE
0875	HOS	BRUCE PENINSULA HEALTH SERVICES	WIARTON SITE	369 MARY ST	WIARTON	N0H 2T0	2.16.840.1.113883.3.59.3	INACTIVE
0880	HOS	ST JOHN'S HOSPITAL	285 CUMMER AVE	\N	NORTH YORK	M2M 2G1	2.16.840.1.113883.3.59.3	ACTIVE
0881	HOS	WEST NIPISSING GENERAL HOSPITAL	725 COURSOL	\N	STURGEON FALLS	P2B 2Y6	2.16.840.1.113883.3.59.3	ACTIVE
0882	HOS	WINCHESTER DISTRICT MEMORIAL HOSPITAL	566 LOUISE ST	PO BOX 247	WINCHESTER	K0C 2K0	2.16.840.1.113883.3.59.3	ACTIVE
0884	HOS	HOTEL DIEU OF ST JOSEPH HOSPITAL	1030 OUELLETTE AVE	\N	WINDSOR	N9A 1E1	2.16.840.1.113883.3.59.3	INACTIVE
0885	HOS	METROPOLITAN GENERAL HOSPITAL	1995 LENS AVE	\N	WINDSOR	N8W 1L9	2.16.840.1.113883.3.59.3	INACTIVE
0887	HOS	SALVATION ARMY GRACE HOSPITAL	339 CRAWFORD AVE	\N	WINDSOR	N9A 5C6	2.16.840.1.113883.3.59.3	INACTIVE
0888	HOS	TEMISKAMING HOSPITAL	421 SHEPHERDSON RD	\N	NEW LISKEARD	P0J 1P0	2.16.840.1.113883.3.59.3	ACTIVE
0889	HOS	WINGHAM AND DISTRICT HOSPITAL	270 CARLING TERRACE	\N	WINGHAM	N0G 2W0	2.16.840.1.113883.3.59.3	ACTIVE
0890	HOS	WOODSTOCK HOSPITAL	310 JULIANA DRIVE	\N	WOODSTOCK	N4V 0A4	2.16.840.1.113883.3.59.3	ACTIVE
0891	HOS	WOODSTOCK PRIVATE HOSPITAL	369 HURON ST	\N	WOODSTOCK	N4S 7A5	2.16.840.1.113883.3.59.3	INACTIVE
0894	HOS	COSMETIC SURGERY INST OF TORONTO	INST. OF TORONTO	\N	WOODBRIDGE ONT.	\N	2.16.840.1.113883.3.59.3	ACTIVE
0896	HOS	RED LAKE MARG COCHENOUR MEM HOSP	#51 HIGHWAY 105, BX 5005	\N	RED LAKE	P0V 2M0	2.16.840.1.113883.3.59.3	ACTIVE
0897	HOS	MILTON DISTRICT HOSPITAL	30 DERRY RD E	\N	MILTON	L9T 2X5	2.16.840.1.113883.3.59.3	INACTIVE
0898	HOS	ST JOSEPH'S HEALTH CENTRE	30 THE QUEENSWAY	\N	TORONTO	M6R 1B5	2.16.840.1.113883.3.59.3	ACTIVE
0899	HOS	UNIVERSITY HOSPITAL	339 WINDERMERE RD	PO BOX 5339	LONDON	N6A 5A5	2.16.840.1.113883.3.59.3	INACTIVE
0900	HOS	RIVERSIDE HEALTH CARE FACILITIES INC	LA VERENDRYE GENERAL HOSPITAL	110 VICTORIA AVE	FORT FRANCES	P9A 2B7	2.16.840.1.113883.3.59.3	ACTIVE
0901	HOS	PLUMMER MEMORIAL PUBLIC HOSPITAL	969 QUEEN ST E	\N	SAULT STE MARIE	P6A 2C4	2.16.840.1.113883.3.59.3	INACTIVE
0903	HOS	HUNTSVILLE DISTRICT MEMORIAL HOSPITAL	354 MUSKOKA ROAD 3 NORTH	\N	HUNTSVILLE	P1H 1H7	2.16.840.1.113883.3.59.3	INACTIVE
0905	HOS	OAK VALLEY HEALTH	381 CHURCH ST	BX 1800	MARKHAM	L3P 7P3	2.16.840.1.113883.3.59.3	ACTIVE
0906	HOS	NORTH BAY GENERAL HOSPITAL	750 SCOLLARD ST	PO BOX 2500	NORTH BAY	P1B 5A4	2.16.840.1.113883.3.59.3	INACTIVE
0907	HOS	TIMMINS & DISTRICT GENERAL HOSPITAL	700 ROSS AVE E	\N	TIMMINS	P4N 8P2	2.16.840.1.113883.3.59.3	ACTIVE
0908	HOS	BELLWOOD HEALTH SERVICES INC (SCARB)	1020 MCNICOLL AVE	\N	SCARBOROUGH	M1W 2J6	2.16.840.1.113883.3.59.3	ACTIVE
0910	HOS	CASEY HOUSE HOSPICE	119 ISABELLA ST	\N	TORONTO	M4Y 1P2	2.16.840.1.113883.3.59.3	ACTIVE
0913	HOS	THE TORONTO HOSPITAL CORP.(TOR.GEN.)	101 COLLEGE ST	EB-305	TORONTO	M5G 2C4	2.16.840.1.113883.3.59.3	INACTIVE
0916	HOS	HEADWATERS HEALTH CARE CENTRE	ORANGEVILLE SITE	100 ROLLING HILLS DR	ORANGEVILLE	L9W 4X9	2.16.840.1.113883.3.59.3	ACTIVE
0927	HOS	HOTEL-DIEU GRACE HEALTHCARE	TAYFOUR CAMPUS	1453 PRINCE ROAD	WINDSOR	N9C 3Z4	2.16.840.1.113883.3.59.3	ACTIVE
0928	HOS	PERTH AND SMITHS FALLS DISTRICT HOSPITAL	60 CORNELIA ST W	\N	SMITHS FALLS	K7A 2H9	2.16.840.1.113883.3.59.3	ACTIVE
0930	HOS	GRAND RIVER HOSPITAL CORPORATION	KITCHENER-WATERLOO HEALTH CENTRE	835 KING ST W	KITCHENER	N2G 1G3	2.16.840.1.113883.3.59.3	INACTIVE
0931	HOS	WEST PARRY SOUND HEALTH CENTRE	6 ALBERT ST	\N	PARRY SOUND	P2A 3A4	2.16.840.1.113883.3.59.3	ACTIVE
0932	HOS	BRUYERE HEALTH/SANTE BRUYERE	BRUY+RE HEALTH-ELIZABETH BRUYERE	43 BRUYERE ST	OTTAWA	K1N 5C8	2.16.840.1.113883.3.59.3	ACTIVE
0933	HOS	WINDSOR REGIONAL HOSPITAL	1995 LENS AVENUE-METRO CAMPUS	\N	WINDSOR	N8W 1L9	2.16.840.1.113883.3.59.3	ACTIVE
0935	HOS	THUNDER BAY REGIONAL HEALTH SCIENCES CENTRE	980 OLIVER RD	\N	THUNDER BAY	P7B 6V4	2.16.840.1.113883.3.59.3	ACTIVE
0936	HOS	LONDON HEALTH SCIENCES CENTRE	VICTORIA SITE	800 COMMISSIONERS RD E	LONDON	N6C 4G5	2.16.840.1.113883.3.59.3	ACTIVE
0938	HOS	HALIBURTON HIGHLANDS HLTH SERV CORP	HALIBURTON SITE	7199 GELERT ROAD, BX 115	HALIBURTON	K0M 1S0	2.16.840.1.113883.3.59.3	ACTIVE
0939	HOS	HOLLAND BLOORVIEW KIDS REHAB HOSPITAL	150 KILGOUR RD	\N	TORONTO	M4G 1R8	2.16.840.1.113883.3.59.3	ACTIVE
0940	HOS	NORTHUMBERLAND HILLS HOSPITAL	1000 DEPALMA DR	\N	COBOURG	K9A 5W6	2.16.840.1.113883.3.59.3	ACTIVE
0941	HOS	HUMBER RIVER HEALTH	1235 WILSON AVE	MAIN FL, RM 1W3063	TORONTO	M3M 0B2	2.16.840.1.113883.3.59.3	ACTIVE
0942	HOS	HAMILTON HEALTH SCIENCES CORPORATION	MCMASTER SITE	1200 MAIN ST W	HAMILTON	L8N 3Z5	2.16.840.1.113883.3.59.3	ACTIVE
0944	HOS	REHABILITATION INSTITUTE OF TORONTO	550 UNIVERSITY AVE	\N	TORONTO	M5G 2A2	2.16.840.1.113883.3.59.3	INACTIVE
0945	HOS	NORTH DURHAM HEALTH SERV - PORT PERRY	41 PAXTON ST	BX 960	PORT PERRY	L9L 1A8	2.16.840.1.113883.3.59.3	INACTIVE
0946	HOS	SOUTH BRUCE GREY HEALTH CENTRE	KINCARDINE SITE	43 QUEEN ST	KINCARDINE	N2Z 2Z2	2.16.840.1.113883.3.59.3	ACTIVE
0947	HOS	UNIVERSITY HEALTH NETWORK	TORONTO GENERAL HOSP SITE	200 ELIZABETH STREET	TORONTO	M5G 2C4	2.16.840.1.113883.3.59.3	ACTIVE
0948	HOS	CENTRE FOR ADDICTION AND MENTAL HLTH TORONTO	1001 QUEEN ST W	\N	TORONTO	M6J 1H4	2.16.840.1.113883.3.59.3	ACTIVE
0949	HOS	TRILLIUM HEALTH CENTRE	100 QUEENSWAY WEST	\N	MISSISSAUGA	L5B 1B8	2.16.840.1.113883.3.59.3	INACTIVE
0950	HOS	HALTON HEALTHCARE SERVICES CORPORATION	HALTON HEALTHCARE SERVICES CORP	3001 HOSPITAL GATE	OAKVILLE	L6M 0L8	2.16.840.1.113883.3.59.3	ACTIVE
0951	HOS	WILLIAM OSLER HEALTH SYSTEM	BRAMPTON CIVIC HOSPITAL	2100 BOVAIRD DR EAST	BRAMPTON	L6R 3J7	2.16.840.1.113883.3.59.3	ACTIVE
0952	HOS	LAKERIDGE HEALTH	LAKERIDGE HEALTH CORP OSHAWA	1 HOSPITAL COURT	OSHAWA	L1G 2B9	2.16.840.1.113883.3.59.3	ACTIVE
0953	HOS	SUNNYBROOK HEALTH SCIENCES CENTRE	2075 BAYVIEW AVE	\N	TORONTO	M4N 3M5	2.16.840.1.113883.3.59.3	ACTIVE
0954	HOS	ROUGE VALLEY HEALTH SYSTEM (SCARB)	CENTENARY HEALTH CENTRE	2867 ELLESMERE RD	SCARBOROUGH	M1E 4B9	2.16.840.1.113883.3.59.3	ACTIVE
0955	HOS	BRIGHTSHORES HEALTH SYSTEM	CATHY CALHOUN BUS OFF - OWEN SD	1800 8TH ST BX 1800	OWEN SOUND	N4K 6M9	2.16.840.1.113883.3.59.3	ACTIVE
0956	HOS	TORONTO REHABILITATION INSTITUTE	UNIVERSITY CENTRE	550 UNIVERSITY AVE	TORONTO	M5G 2A2	2.16.840.1.113883.3.59.3	ACTIVE
0957	HOS	QUINTE HEALTH	QHC BELLEVILLE GENERAL	265 DUNDAS ST EAST	BELLEVILLE	K8N 1E2	2.16.840.1.113883.3.59.3	ACTIVE
0958	HOS	THE OTTAWA HOSPITAL	CIVIC SITE	1053 CARLING AVE	OTTAWA	K1Y 4E9	2.16.840.1.113883.3.59.3	ACTIVE
0959	HOS	HEALTH SCIENCES NORTH	LAURENTIAN SITE	41 RAMSEY LAKE RD	SUDBURY	P3E 5J1	2.16.840.1.113883.3.59.3	ACTIVE
0960	HOS	THE SCARBOROUGH HOSPITAL	3050 LAWRENCE AVE E	\N	SCARBOROUGH	M1P 2V5	2.16.840.1.113883.3.59.3	ACTIVE
0961	HOS	UNIVERSITY OF OTTAWA HEART INSTITUTE	40 RUSKIN ST	\N	OTTAWA	K1Y 4W7	2.16.840.1.113883.3.59.3	ACTIVE
0962	HOS	NIAGARA HEALTH SYSTEM	ST CATHARINES SITE	1200 FOURTH AVENUE	ST CATHARINES	L2S 0A9	2.16.840.1.113883.3.59.3	ACTIVE
0963	HOS	NORTH WELLINGTON HEALTH CARE CORPORATION	MOUNT FOREST SITE	630 DUBLIN ST	MOUNT FOREST	N0G 2L3	2.16.840.1.113883.3.59.3	ACTIVE
0964	HOS	SIOUX LOOKOUT MENO-YA-WIN HLTH CTRE	1 MENO YA WIN WAY	BX 909	SIOUX LOOKOUT	P8T 1B4	2.16.840.1.113883.3.59.3	ACTIVE
0965	HOS	SAULT AREA HOSPITAL	750 GREAT NORTHERN ROAD	\N	SAULT STE MARIE	P6A 5K7	2.16.840.1.113883.3.59.3	ACTIVE
0966	HOS	BLUEWATER HEALTH	89 NORMAN STREET	\N	SARNIA	N7T 7H2	2.16.840.1.113883.3.59.3	ACTIVE
0967	HOS	CORNWALL COMMUNITY HOSPITAL	840 MCCONNELL AVE	\N	CORNWALL	K6H 5S5	2.16.840.1.113883.3.59.3	ACTIVE
0968	HOS	MUSKOKA ALGONQUIN HEALTHCARE	HUNTSVILLE DIST MEMORIAL HOS SIT	100 FRANK MILLER DR	HUNTSVILLE	P1H 1H7	2.16.840.1.113883.3.59.3	ACTIVE
0969	HOS	ONTARIO SHORES CENTRE FOR MENTAL HEALTH SCIENCES	700 GORDON ST	\N	WHITBY	L1N 5S9	2.16.840.1.113883.3.59.3	ACTIVE
0970	HOS	BRANT COMMUNITY HEALTHCARE SYSTEM	BRANTFORD GENERAL SITE	200 TERRACE HILL ST	BRANTFORD	N3R 1G9	2.16.840.1.113883.3.59.3	ACTIVE
0971	HOS	ST JOSEPH'S CONTINUING CARE CENTRE OF SUDBURY	1140 SOUTH BAY ROAD	\N	SUDBURY	P3E 0B6	2.16.840.1.113883.3.59.3	ACTIVE
0972	HOS	WAYPOINT CENTRE FOR MENTAL HEALTH CARE	500 CHURCH ST	\N	PENETANGUISHENE	L9M 1G3	2.16.840.1.113883.3.59.3	ACTIVE
0973	HOS	MOOSE FACTORY, WEENEEBAYKO AREA HEALTH AUTHORITY	911 ACHIMIST ST	MOOOSE FACTORY INDIAN RESERVE #1	MOOSE FACTORY	P0L 1W0	2.16.840.1.113883.3.59.3	ACTIVE
0974	HOS	NORTH BAY REGIONAL HEALTH CENTRE	50 COLLEGE DRIVE	BOX 2500	NORTH BAY	P1B 0A4	2.16.840.1.113883.3.59.3	ACTIVE
0975	HOS	THE CREDIT VALLEY HOSPITAL AND TRILLIUM HEALTH CENTRE	150 SHERWAY DRIVE	\N	ETOBICOKE	M9C 1A5	2.16.840.1.113883.3.59.3	ACTIVE
0976	HOS	SINAI HEALTH SYSTEM	600 UNIVERSITY AVE	\N	TORONTO	M5G 1X5	2.16.840.1.113883.3.59.3	ACTIVE
0977	HOS	NORTH OF SUPERIOR HEALTHCARE GROUP	20B CARTIER ROAD	\N	TERRACE BAY	P0T 2W0	2.16.840.1.113883.3.59.3	ACTIVE
0978	HOS	KINGSTON HEALTH SCIENCES CENTRE	76 STUART ST	\N	KINGSTON	K7L 2V7	2.16.840.1.113883.3.59.3	ACTIVE
0979	HOS	SCARBOROUGH HEALTH NETWORK	GENERAL SITE	3050 LAWRENCE AVE EAST	SCARBOROUGH	M1P 2V1	2.16.840.1.113883.3.59.3	ACTIVE
0980	HOS	UNITY HEALTH TORONTO-ST.JOSEPH'S	3276 ST CLAIR AVE E	\N	SCARBOROUGH	M1L 1W1	2.16.840.1.113883.3.59.3	ACTIVE
0981	HOS	CHATHAM-KENT HEALTH ALLIANCE	325 MARGARET AVE	WALLACEBURG SITE	WALLACEBURG	N8A 2A7	2.16.840.1.113883.3.59.3	ACTIVE
0982	HOS	BLANCHE RIVER HEALTH	KIRKLAND SITE	145 GOVERNMENT ROAD	KIRKLAND LAKE	P2N 3P4	2.16.840.1.113883.3.59.3	ACTIVE
0983	HOS	HURON PERTH HEALTHCARE ALLIANCE	STRATFORD GENERAL HOSPITAL	46 GENERAL HOSPITAL DR	STRATFORD	N5A 2Y6	2.16.840.1.113883.3.59.3	ACTIVE
0984	HOS	RURAL ROADS HEALTH SERVICES-TILSONBURG	167 ROLPH STREET	\N	TILLSONBURG	N4G 3Y9	2.16.840.1.113883.3.59.3	ACTIVE
0985	HOS	WATERLOO REGIONAL HEALTH NETWORK	835 KING STREET WEST	\N	KITCHENER	N2G 1G3	2.16.840.1.113883.3.59.3	ACTIVE
962	HOS	NIAGARA HEALTH SYSTEM	ST CATHARINES SITE	1200 FOURTH AVENUE	ST CATHARINES	L2S 0A9	2.16.840.1.113883.3.59.3	ACTIVE
